Daily Closing Price,12-Day Exponential Moving Average,26-Day Exponential Moving Average,24-Day Trade Break Out Rule,29-Day Volatility,25-day Momentum,EMA Action,TBR Action,VOL Action,MOM Action
357.54,N/A,N/A,N/A,N/A,N/A,N/A,N/A,N/A,N/A
356.44,N/A,N/A,N/A,N/A,N/A,N/A,N/A,N/A,N/A
358.1,N/A,N/A,N/A,N/A,N/A,N/A,N/A,N/A,N/A
352.03,N/A,N/A,N/A,N/A,N/A,N/A,N/A,N/A,N/A
353.13,N/A,N/A,N/A,N/A,N/A,N/A,N/A,N/A,N/A
350.37,N/A,N/A,N/A,N/A,N/A,N/A,N/A,N/A,N/A
345.96,N/A,N/A,N/A,N/A,N/A,N/A,N/A,N/A,N/A
352.58,N/A,N/A,N/A,N/A,N/A,N/A,N/A,N/A,N/A
360.85,N/A,N/A,N/A,N/A,N/A,N/A,N/A,N/A,N/A
360.85,N/A,N/A,N/A,N/A,N/A,N/A,N/A,N/A,N/A
359.2,N/A,N/A,N/A,N/A,N/A,N/A,N/A,N/A,N/A
355.89,N/A,N/A,N/A,N/A,N/A,N/A,N/A,N/A,N/A
352.03,355.24,N/A,N/A,N/A,N/A,N/A,N/A,N/A,N/A
350.37,354.49,N/A,N/A,N/A,N/A,N/A,N/A,N/A,N/A
348.16,353.52,N/A,N/A,N/A,N/A,N/A,N/A,N/A,N/A
341.54,351.68,N/A,N/A,N/A,N/A,N/A,N/A,N/A,N/A
352.58,351.82,N/A,N/A,N/A,N/A,N/A,N/A,N/A,N/A
352.58,351.94,N/A,N/A,N/A,N/A,N/A,N/A,N/A,N/A
354.79,352.38,N/A,N/A,N/A,N/A,N/A,N/A,N/A,N/A
361.41,353.77,N/A,N/A,N/A,N/A,N/A,N/A,N/A,N/A
360.85,354.86,N/A,N/A,N/A,N/A,N/A,N/A,N/A,N/A
361.96,355.95,N/A,N/A,N/A,N/A,N/A,N/A,N/A,N/A
361.96,356.87,N/A,N/A,N/A,N/A,N/A,N/A,N/A,N/A
358.65,357.14,N/A,N/A,N/A,N/A,N/A,N/A,N/A,N/A
357.54,357.2,N/A,-0.01,N/A,N/A,N/A,2,N/A,N/A
363.61,358.19,N/A,0,N/A,6.07,N/A,2,N/A,1
369.13,359.87,355.42,0.02,N/A,12.69,1,2,N/A,1
370.23,361.46,356.52,0,N/A,12.13,1,2,N/A,1
371.34,362.98,357.62,0,N/A,19.31,1,2,N/A,1
374.65,364.78,358.88,0.01,0.019,21.52,1,2,1,1
380.17,367.15,360.46,0.01,0.021,29.8,1,2,1,1
386.24,370.09,362.37,0.02,0.024,40.28,1,2,1,1
388.99,373,364.34,0.01,0.028,36.41,1,2,1,1
391.75,375.88,366.37,0.01,0.032,30.9,1,2,1,1
391.2,378.24,368.21,0,0.035,30.35,1,2,1,1
385.68,379.38,369.5,-0.02,0.038,26.48,1,0,1,1
387.89,380.69,370.86,-0.01,0.038,32,1,2,1,1
387.34,381.71,372.08,-0.01,0.039,35.31,1,2,1,1
387.34,382.58,373.21,-0.01,0.04,36.97,1,2,1,1
395.62,384.59,374.87,0.01,0.041,47.46,1,2,1,1
390.65,385.52,376.04,-0.01,0.043,49.11,1,2,1,1
386.24,385.63,376.8,-0.02,0.044,33.66,1,0,1,1
389.55,386.23,377.74,-0.02,0.043,36.97,1,0,1,1
385.68,386.15,378.33,-0.03,0.043,30.89,1,1,1,1
388.99,386.59,379.12,-0.02,0.041,27.58,1,0,1,1
385.68,386.45,379.61,-0.03,0.038,24.83,1,1,1,1
386.79,386.5,380.14,-0.02,0.036,24.83,1,0,1,1
386.79,386.54,380.63,-0.02,0.034,24.83,1,0,1,1
386.79,386.58,381.09,-0.02,0.032,28.14,1,0,1,1
395.62,387.97,382.17,0,0.031,38.08,1,2,1,1
395.06,389.06,383.12,0,0.03,31.45,1,2,1,1
402.24,391.09,384.54,0.02,0.029,33.11,1,2,1,1
402.24,392.81,385.85,0,0.029,32.01,1,2,1,1
403.89,394.51,387.19,0,0.027,32.55,1,2,1,1
403.89,395.95,388.43,0,0.025,29.24,1,2,1,1
399.48,396.49,389.25,-0.01,0.023,19.31,1,2,1,1
396.72,396.53,389.8,-0.02,0.022,10.48,1,0,1,1
387.34,395.12,389.62,-0.04,0.02,-1.65,1,1,1,2
388.44,394.09,389.53,-0.04,0.018,-3.31,1,1,1,2
381.27,392.12,388.92,-0.06,0.016,-9.93,1,1,1,2
382.93,390.71,388.48,-0.05,0.016,-2.75,1,1,1,2
377.41,388.66,387.66,-0.07,0.016,-10.48,1,1,1,2
371.34,386,386.45,-0.08,0.018,-16,2,1,1,2
367.48,383.15,385.04,-0.09,0.02,-19.86,2,1,1,2
374.1,381.76,384.23,-0.07,0.023,-21.52,2,1,1,2
371.34,380.16,383.28,-0.08,0.024,-19.31,2,1,1,2
374.1,379.23,382.6,-0.07,0.025,-12.14,2,1,1,2
368.03,377.51,381.52,-0.09,0.026,-21.52,2,1,1,2
369.13,376.22,380.6,-0.09,0.028,-16.55,2,1,1,2
366.92,374.79,379.59,-0.09,0.029,-22.07,2,1,1,2
369.68,374,378.86,-0.08,0.03,-16,2,1,1,2
368.58,373.17,378.1,-0.09,0.031,-18.21,2,1,1,2
368.58,372.46,377.39,-0.09,0.032,-18.21,2,1,1,2
368.03,371.78,376.7,-0.09,0.033,-18.76,2,1,1,2
368.03,371.2,376.06,-0.09,0.034,-27.59,2,1,1,2
372.44,371.39,375.79,-0.08,0.035,-22.62,2,1,1,2
371.89,371.47,375.5,-0.08,0.035,-30.35,2,1,1,2
371.34,371.45,375.19,-0.08,0.035,-30.9,2,1,1,2
365.82,370.58,374.5,-0.09,0.035,-38.07,2,1,1,2
363.61,369.51,373.69,-0.09,0.035,-40.28,2,1,1,2
365.82,368.94,373.11,-0.08,0.035,-33.66,2,1,1,2
360.85,367.7,372.2,-0.07,0.034,-35.87,2,1,1,2
359.2,366.39,371.24,-0.08,0.032,-28.14,2,1,1,2
358.1,365.11,370.27,-0.06,0.03,-30.34,2,1,1,2
355.89,363.69,369.2,-0.07,0.027,-25.38,2,1,1,2
357.54,362.74,368.34,-0.05,0.025,-25.39,2,1,1,2
361.41,362.54,367.83,-0.03,0.022,-16,2,1,1,2
356.99,361.69,367.03,-0.05,0.02,-14.35,2,1,1,2
350.92,360.03,365.84,-0.06,0.019,-16.56,2,1,1,2
347.61,358.12,364.49,-0.07,0.019,-26.49,2,1,1,2
347.61,356.5,363.24,-0.07,0.02,-23.73,2,1,1,2
341.54,354.2,361.63,-0.08,0.021,-32.56,2,1,1,2
344.85,352.76,360.39,-0.07,0.024,-23.18,2,1,1,2
347.61,351.97,359.44,-0.07,0.025,-21.52,2,1,1,2
346.51,351.13,358.48,-0.07,0.026,-20.41,2,1,1,2
343.2,349.91,357.35,-0.08,0.027,-26.48,2,1,1,2
347.06,349.47,356.59,-0.07,0.027,-21.52,2,1,1,2
345.96,348.93,355.8,-0.07,0.028,-22.62,2,1,1,2
345.41,348.39,355.03,-0.07,0.028,-22.62,2,1,1,2
350.37,348.69,354.68,-0.06,0.029,-17.66,2,1,1,2
355.61,349.75,354.75,-0.04,0.028,-16.83,2,1,1,2
358.1,351.03,355,-0.04,0.027,-13.79,2,1,1,2
359.75,352.37,355.35,-0.02,0.027,-11.59,2,0,1,2
363.06,354.01,355.92,-0.01,0.026,-2.76,2,2,1,2
363.61,355.49,356.49,-0.01,0.025,0,2,2,1,0
366.37,357.16,357.22,0.01,0.024,0.55,2,2,1,1
372.99,359.6,358.39,0.02,0.023,12.14,1,2,1,1
366.92,360.73,359.02,-0.02,0.024,7.72,1,0,1,1
365.82,361.51,359.52,-0.02,0.024,7.72,1,0,1,1
366.92,362.34,360.07,-0.02,0.024,11.03,1,0,1,1
366.37,362.96,360.54,-0.02,0.024,8.83,1,0,1,1
366.92,363.57,361.01,-0.02,0.025,5.51,1,0,1,1
366.92,364.09,361.45,-0.02,0.025,9.93,1,0,1,1
364.72,364.19,361.69,-0.02,0.026,13.8,1,0,1,1
366.92,364.61,362.08,-0.02,0.026,19.31,1,0,1,1
369.13,365.31,362.6,-0.01,0.027,21.52,1,2,1,1
365.27,365.3,362.8,-0.02,0.027,23.73,1,0,1,1
363.61,365.04,362.86,-0.03,0.028,18.76,1,1,1,1
365.27,365.08,363.04,-0.02,0.028,17.66,1,0,1,1
361.41,364.52,362.92,-0.03,0.027,14.9,1,1,1,1
365.27,364.64,363.09,-0.02,0.027,22.07,1,0,1,1
365.82,364.82,363.29,-0.02,0.025,18.76,1,0,1,1
360.85,364.21,363.11,-0.03,0.024,14.89,1,1,1,1
358.1,363.27,362.74,-0.04,0.023,12.69,1,1,1,1
358.65,362.56,362.44,-0.04,0.022,8.28,1,1,1,1
357.54,361.79,362.08,-0.04,0.019,1.93,2,1,1,1
357.54,361.14,361.74,-0.04,0.018,-0.56,2,1,1,2
357.54,360.59,361.43,-0.04,0.016,-2.21,2,1,1,2
358.1,360.21,361.18,-0.04,0.013,-4.96,2,1,1,2
359.2,360.05,361.03,-0.04,0.012,-4.41,2,1,1,2
356.99,359.58,360.73,-0.04,0.011,-9.38,2,1,1,2
354.79,358.84,360.29,-0.04,0.012,-18.2,2,1,1,2
344.85,356.69,359.15,-0.07,0.012,-22.07,2,1,1,2
345.96,355.04,358.17,-0.06,0.015,-19.86,2,1,1,2
340.44,352.79,356.86,-0.08,0.018,-26.48,2,1,1,2
341.54,351.06,355.73,-0.07,0.021,-24.83,2,1,1,2
339.34,349.26,354.52,-0.08,0.022,-27.58,2,1,1,2
339.89,347.82,353.44,-0.08,0.024,-27.03,2,1,1,2
339.89,346.6,352.44,-0.08,0.026,-24.83,2,1,1,2
344.85,346.33,351.88,-0.07,0.027,-22.07,2,1,1,2
349.82,346.87,351.73,-0.04,0.028,-19.31,2,1,1,2
353.68,347.92,351.87,-0.03,0.027,-11.59,2,1,1,2
353.68,348.81,352,-0.03,0.027,-9.93,2,1,1,2
354.23,349.64,352.17,-0.03,0.026,-11.04,2,1,1,2
351.75,349.96,352.14,-0.04,0.025,-9.66,2,1,1,2
351.47,350.19,352.09,-0.04,0.024,-13.8,2,1,1,2
356.99,351.24,352.45,-0.01,0.023,-8.83,2,2,1,2
368.03,353.82,353.6,0.02,0.023,7.18,1,2,1,1
368.03,356.01,354.67,0,0.023,9.93,1,2,1,1
368.03,357.86,355.66,0,0.024,9.38,1,2,1,1
375.75,360.61,357.15,0.02,0.025,18.21,1,2,1,1
372.44,362.43,358.28,-0.01,0.026,14.9,1,2,1,1
371.34,363.8,359.25,-0.01,0.028,13.8,1,2,1,1
372.44,365.13,360.23,-0.01,0.029,14.34,1,2,1,1
368.58,365.66,360.85,-0.02,0.031,9.38,1,0,1,1
365.82,365.68,361.22,-0.03,0.031,8.83,1,1,1,1
366.37,365.79,361.6,-0.02,0.032,11.58,1,0,1,1
366.37,365.88,361.95,-0.02,0.032,21.52,1,0,1,1
370.23,366.55,362.56,-0.01,0.032,24.27,1,2,1,1
374.65,367.8,363.46,0,0.033,34.21,1,2,1,1
377.96,369.36,364.53,0.01,0.034,36.42,1,2,1,1
382.37,371.36,365.85,0.01,0.036,43.03,1,2,1,1
385.13,373.48,367.28,0.01,0.037,45.24,1,2,1,1
390.1,376.04,368.97,0.01,0.038,50.21,1,2,1,1
388.99,378.03,370.45,0,0.039,44.14,1,2,1,1
385.13,379.12,371.54,-0.01,0.04,35.31,1,2,1,1
382.37,379.62,372.34,-0.02,0.039,28.69,1,0,1,1
377.41,379.28,372.72,-0.03,0.037,23.73,1,1,1,1
379.61,379.33,373.23,-0.03,0.034,25.38,1,1,1,1
382.37,379.8,373.91,-0.02,0.032,30.62,1,0,1,1
385.68,380.7,374.78,-0.01,0.031,34.21,1,2,1,1
380.72,380.7,375.22,-0.02,0.03,23.73,1,0,1,1
376.3,380.02,375.3,-0.04,0.029,8.27,1,1,1,1
378.51,379.79,375.54,-0.03,0.027,10.48,1,1,1,1
380.72,379.93,375.92,-0.02,0.024,12.69,1,0,1,1
380.72,380.05,376.28,-0.02,0.021,4.97,1,0,1,1
381.82,380.32,376.69,-0.02,0.019,9.38,1,0,1,1
387.89,381.48,377.52,-0.01,0.019,16.55,1,2,1,1
388.99,382.64,378.37,0,0.019,16.55,1,2,1,1
387.89,383.45,379.08,-0.01,0.019,19.31,1,2,1,1
388.44,384.22,379.77,0,0.019,22.62,1,2,1,1
392.86,385.55,380.74,0.01,0.02,26.49,1,2,1,1
392.31,386.59,381.6,0,0.02,25.94,1,2,1,1
391.75,387.38,382.35,0,0.021,21.52,1,2,1,1
384.58,386.95,382.52,-0.02,0.02,9.93,1,0,1,1
379.61,385.82,382.3,-0.03,0.019,1.65,1,1,1,1
382.37,385.29,382.31,-0.03,0.017,0,1,1,1,0
377.41,384.08,381.95,-0.04,0.015,-7.72,1,1,1,2
372.99,382.37,381.29,-0.05,0.013,-17.11,1,1,1,2
377.96,381.69,381.04,-0.04,0.014,-11.03,1,1,1,2
380.72,381.54,381.02,-0.03,0.014,-4.41,1,1,1,2
384.58,382.01,381.28,-0.02,0.014,2.21,1,0,1,1
393.96,383.85,382.22,0,0.014,16.55,1,2,1,1
397.27,385.91,383.33,0.01,0.014,17.66,1,2,1,1
394.51,387.23,384.16,-0.01,0.015,12.14,1,2,1,1
385.13,386.91,384.23,-0.03,0.016,-0.55,1,1,1,2
386.79,386.89,384.42,-0.03,0.016,6.07,1,1,1,1
382.93,386.28,384.31,-0.04,0.016,6.63,1,1,1,1
383.48,385.85,384.25,-0.03,0.016,4.97,1,1,1,1
387.89,386.16,384.52,-0.02,0.016,7.17,1,0,1,1
386.24,386.17,384.65,-0.03,0.016,5.52,1,1,1,1
384.03,385.84,384.6,-0.03,0.016,2.21,1,1,1,1
382.37,385.31,384.43,-0.04,0.015,-5.52,1,1,1,2
384.03,385.11,384.4,-0.03,0.015,-4.96,1,1,1,2
388.44,385.62,384.7,-0.02,0.015,0.55,1,0,1,1
380.17,384.78,384.36,-0.04,0.014,-8.27,1,1,1,2
370.23,382.54,383.31,-0.07,0.015,-22.63,2,1,1,2
360.85,379.2,381.65,-0.09,0.016,-31.46,2,1,1,2
365.82,377.14,380.48,-0.08,0.02,-25.93,2,1,1,2
367.48,375.65,379.52,-0.07,0.022,-17.1,2,1,1,2
369.68,374.73,378.79,-0.07,0.023,-9.93,2,1,1,2
364.72,373.19,377.75,-0.08,0.023,-17.65,2,1,1,2
360.85,371.29,376.5,-0.09,0.024,-16.56,2,1,1,2
366.37,370.53,375.75,-0.08,0.026,-6.62,2,1,1,2
370.23,370.48,375.34,-0.07,0.026,-7.73,2,1,1,2
365.82,369.76,374.63,-0.08,0.027,-14.9,2,1,1,2
362.51,368.64,373.73,-0.09,0.027,-22.07,2,1,1,2
354.79,366.51,372.33,-0.11,0.029,-39.17,2,1,1,2
344.85,363.18,370.29,-0.13,0.031,-52.42,2,1,1,2
343.75,360.19,368.32,-0.12,0.035,-50.76,2,1,1,2
342.65,357.49,366.42,-0.12,0.038,-42.48,2,1,1,2
344.3,355.46,364.78,-0.11,0.041,-42.49,2,1,1,2
344.3,353.74,363.26,-0.11,0.042,-38.63,2,1,1,2
348.72,352.97,362.18,-0.1,0.043,-34.76,2,1,1,2
343.2,351.47,360.77,-0.12,0.042,-44.69,2,1,1,2
342.65,350.11,359.43,-0.12,0.043,-43.59,2,1,1,2
346.51,349.56,358.47,-0.11,0.044,-37.52,2,1,1,2
346.51,349.09,357.58,-0.11,0.044,-35.86,2,1,1,2
346.51,348.69,356.76,-0.11,0.044,-37.52,2,1,1,2
344.3,348.01,355.84,-0.09,0.042,-44.14,2,1,1,2
344.3,347.44,354.99,-0.07,0.041,-35.87,2,1,1,2
345.96,347.21,354.32,-0.07,0.04,-24.27,2,1,1,2
352.58,348.04,354.19,-0.05,0.039,-8.27,2,1,1,2
355.34,349.16,354.28,-0.04,0.036,-10.48,2,1,1,2
354.79,350.03,354.32,-0.04,0.032,-12.69,2,1,1,2
349.82,350,353.99,-0.06,0.029,-19.86,2,1,1,2
340.99,348.61,353.03,-0.08,0.027,-23.73,2,1,1,2
339.34,347.18,352.02,-0.08,0.028,-21.51,2,1,1,2
331.61,344.78,350.51,-0.1,0.028,-34.76,2,1,1,2
336.03,343.43,349.44,-0.08,0.029,-34.2,2,1,1,2
329.4,341.27,347.96,-0.09,0.028,-36.42,2,1,1,2
334.92,340.29,346.99,-0.06,0.028,-27.59,2,1,1,2
324.99,337.94,345.36,-0.09,0.029,-29.8,2,1,1,2
329.96,336.71,344.22,-0.07,0.029,-14.89,2,1,1,2
333.82,336.27,343.45,-0.06,0.027,-9.93,2,1,1,2
336.03,336.23,342.9,-0.05,0.025,-6.62,2,1,1,2
334.92,336.03,342.31,-0.06,0.023,-9.38,2,1,1,2
340.99,336.79,342.21,-0.04,0.022,-3.31,2,1,1,2
349.82,338.79,342.77,-0.02,0.022,1.1,2,0,1,1
357.54,341.67,343.86,0.01,0.023,14.34,2,2,1,1
353.13,343.43,344.55,-0.01,0.024,10.48,2,2,1,1
355.89,345.35,345.39,0,0.025,9.38,2,2,1,1
358.65,347.4,346.37,0,0.026,12.14,1,2,1,1
353.13,348.28,346.87,-0.02,0.027,6.62,1,0,1,1
354.79,349.28,347.46,-0.01,0.027,10.49,1,2,1,1
355.34,350.21,348.04,-0.01,0.028,11.04,1,2,1,1
360.3,351.76,348.95,0,0.029,14.34,1,2,1,1
363.06,353.5,350,0.01,0.03,10.48,1,2,1,1
360.3,354.55,350.76,-0.01,0.031,4.96,1,2,1,1
352.58,354.25,350.89,-0.03,0.032,-2.21,1,1,1,2
355.34,354.42,351.22,-0.02,0.032,5.52,1,0,1,1
358.65,355.07,351.77,-0.01,0.033,17.66,1,2,1,1
363.06,356.3,352.61,0,0.033,23.72,1,2,1,1
365.27,357.68,353.55,0.01,0.034,33.66,1,2,1,1
363.06,358.51,354.25,-0.01,0.035,27.03,1,2,1,1
364.72,359.47,355.03,0,0.036,35.32,1,2,1,1
361.41,359.77,355.5,-0.01,0.037,26.49,1,2,1,1
362.51,360.19,356.02,-0.01,0.037,37.52,1,2,1,1
360.85,360.29,356.38,-0.01,0.036,30.89,1,2,1,1
365.82,361.14,357.08,0,0.035,32,1,2,1,1
357.54,360.59,357.11,-0.02,0.034,21.51,1,0,1,1
354.79,359.7,356.94,-0.03,0.032,19.87,1,1,1,1
353.13,358.69,356.66,-0.03,0.028,12.14,1,1,1,1
353.68,357.92,356.44,-0.03,0.025,3.86,1,1,1,1
351.47,356.93,356.07,-0.04,0.022,-6.07,1,1,1,2
343.2,354.82,355.12,-0.06,0.019,-9.93,2,1,1,2
337.68,352.18,353.83,-0.08,0.017,-18.21,2,1,1,2
344.3,350.97,353.12,-0.06,0.018,-14.35,2,1,1,2
352.03,351.13,353.04,-0.04,0.019,-1.1,2,1,1,2
350.37,351.01,352.84,-0.04,0.019,-4.42,2,1,1,2
353.13,351.34,352.86,-0.03,0.019,-2.21,2,1,1,2
353.13,351.62,352.88,-0.03,0.019,-7.17,2,1,1,2
358.1,352.62,353.27,-0.02,0.019,-4.96,2,0,1,2
359.75,353.72,353.75,-0.02,0.019,-0.55,2,0,1,2
357.54,354.31,354.03,-0.02,0.019,4.96,1,0,1,1
359.2,355.06,354.41,-0.02,0.019,3.86,1,0,1,1
362.51,356.21,355.01,-0.01,0.019,3.86,1,2,1,1
355.89,356.16,355.08,-0.03,0.019,-7.17,1,1,1,2
358.65,356.54,355.34,-0.02,0.019,-6.62,1,0,1,2
358.1,356.78,355.54,-0.02,0.019,-4.96,1,0,1,2
358.1,356.98,355.73,-0.02,0.019,-6.62,1,0,1,2
360.85,357.58,356.11,-0.01,0.019,-0.56,1,2,1,2
361.96,358.25,356.54,-0.01,0.019,-0.55,1,2,1,2
361.41,358.74,356.9,-0.01,0.018,0.56,1,2,1,1
363.06,359.4,357.36,0,0.018,-2.76,1,2,1,2
371.34,361.24,358.4,0.02,0.018,13.8,1,2,1,1
375.2,363.39,359.64,0.01,0.02,20.41,1,2,1,1
375.2,365.21,360.79,0,0.022,22.07,1,2,1,1
377.41,367.09,362.02,0.01,0.023,23.73,1,2,1,1
377.96,368.76,363.2,0,0.025,26.49,1,2,1,1
380.72,370.6,364.5,0.01,0.027,37.52,1,2,1,1
381.27,372.24,365.74,0,0.029,43.59,1,2,1,1
380.72,373.54,366.85,0,0.031,36.42,1,2,1,1
383.48,375.07,368.08,0.01,0.033,31.45,1,2,1,1
384.58,376.53,369.3,0,0.034,34.21,1,2,1,1
379.06,376.92,370.02,-0.01,0.034,25.93,1,2,1,1
380.72,377.5,370.81,-0.01,0.032,27.59,1,2,1,1
377.96,377.57,371.34,-0.02,0.031,19.86,1,0,1,1
377.96,377.63,371.83,-0.02,0.03,18.21,1,0,1,1
377.96,377.68,372.28,-0.02,0.029,20.42,1,0,1,1
380.17,378.06,372.86,-0.01,0.028,20.97,1,2,1,1
379.06,378.21,373.32,-0.01,0.027,16.55,1,2,1,1
376.86,378,373.58,-0.02,0.027,20.97,1,0,1,1
376.86,377.82,373.82,-0.02,0.026,18.21,1,0,1,1
376.86,377.67,374.05,-0.02,0.025,18.76,1,0,1,1
374.1,377.12,374.05,-0.03,0.025,16,1,1,1,1
375.2,376.82,374.14,-0.02,0.024,14.35,1,0,1,1
371.89,376.06,373.97,-0.03,0.022,9.93,1,1,1,1
368.58,374.91,373.57,-0.04,0.021,7.17,1,1,1,1
376.86,375.21,373.81,-0.02,0.019,13.8,1,0,1,1
370.79,374.53,373.59,-0.04,0.017,-0.55,1,1,1,2
368.03,373.53,373.18,-0.04,0.016,-7.17,1,1,1,2
365.82,372.34,372.63,-0.05,0.015,-9.38,2,1,1,2
365.27,371.25,372.08,-0.05,0.014,-12.14,2,1,1,2
362.51,369.91,371.37,-0.06,0.013,-15.45,2,1,1,2
373.55,370.47,371.53,-0.03,0.015,-7.17,2,1,1,2
374.65,371.11,371.76,-0.03,0.015,-6.62,2,1,1,2
375.2,371.74,372.01,-0.02,0.015,-5.52,2,0,1,2
373.55,372.02,372.12,-0.03,0.015,-9.93,2,1,1,2
374.1,372.34,372.27,-0.02,0.015,-10.48,1,0,1,2
375.2,372.78,372.49,-0.01,0.014,-3.86,1,2,1,2
373.55,372.9,372.57,-0.02,0.014,-7.17,1,0,1,2
374.65,373.17,372.72,-0.01,0.014,-3.31,1,2,1,2
370.23,372.72,372.54,-0.03,0.013,-7.73,1,1,1,2
374.65,373.02,372.7,-0.01,0.012,-3.31,1,2,1,2
374.1,373.19,372.8,-0.01,0.012,-6.07,1,2,1,2
372.44,373.07,372.77,-0.01,0.011,-6.62,1,2,1,2
370.79,372.72,372.62,-0.02,0.011,-6.07,1,0,1,2
370.23,372.34,372.44,-0.02,0.011,-6.63,2,0,1,2
368.58,371.76,372.15,-0.02,0.011,-8.28,2,0,1,2
380.72,373.14,372.78,0.01,0.011,6.62,1,2,1,1
379.61,374.14,373.29,0,0.011,4.41,1,2,1,1
393.41,377.1,374.78,0.03,0.011,21.52,1,2,1,1
391.2,379.27,376,-0.01,0.015,22.62,1,2,1,1
392.31,381.28,377.21,0,0.017,15.45,1,2,1,1
400.58,384.25,378.94,0.02,0.02,29.79,1,2,1,1
402.24,387.02,380.67,0,0.024,34.21,1,2,1,1
404.44,389.7,382.43,0.01,0.027,38.62,1,2,1,1
407.2,392.39,384.26,0.01,0.03,41.93,1,2,1,1
406.1,394.5,385.88,0,0.033,43.59,1,2,1,1
401.13,395.52,387.01,-0.01,0.035,27.58,1,2,1,1
394.51,395.36,387.57,-0.03,0.036,19.86,1,1,1,1
397.82,395.74,388.33,-0.02,0.036,22.62,1,0,1,1
391.75,395.13,388.58,-0.04,0.036,18.2,1,1,1,1
388.99,394.19,388.61,-0.04,0.034,14.89,1,1,1,1
392.86,393.99,388.92,-0.04,0.034,17.66,1,1,1,1
391.2,393.56,389.09,-0.04,0.034,17.65,1,1,1,1
390.65,393.11,389.21,-0.04,0.033,16,1,1,1,1
395.06,393.41,389.64,-0.03,0.033,24.83,1,1,1,1
405.55,395.28,390.82,0,0.032,30.9,1,2,1,1
403.89,396.6,391.79,-0.01,0.033,29.79,1,2,1,1
405.55,397.98,392.81,0,0.033,33.11,1,2,1,1
405.55,399.14,393.75,0,0.033,34.76,1,2,1,1
406.1,400.21,394.66,0,0.032,35.87,1,2,1,1
402.79,400.61,395.26,-0.01,0.031,34.21,1,2,1,1
412.17,402.39,396.51,0.01,0.03,31.45,1,2,1,1
411.07,403.73,397.59,0,0.03,31.46,1,2,1,1
417.13,405.79,399.04,0.01,0.028,23.72,1,2,1,1
418.24,407.71,400.46,0,0.027,27.04,1,2,1,1
415.48,408.91,401.57,-0.01,0.024,23.17,1,2,1,1
415.48,409.92,402.6,-0.01,0.023,14.9,1,2,1,1
409.96,409.93,403.15,-0.02,0.022,7.72,1,0,1,1
407.2,409.51,403.45,-0.03,0.022,2.76,1,1,1,1
411.07,409.75,404.01,-0.02,0.021,3.87,1,0,1,1
416.58,410.8,404.94,0,0.021,10.48,1,2,1,1
420.45,412.28,406.09,0.01,0.021,19.32,1,2,1,1
420.45,413.54,407.15,0,0.023,25.94,1,2,1,1
420.45,414.6,408.14,0,0.024,22.63,1,2,1,1
421,415.58,409.09,0,0.025,29.25,1,2,1,1
420.45,416.33,409.93,0,0.025,31.46,1,2,1,1
419.34,416.79,410.63,0,0.026,26.48,1,2,1,1
422.65,417.69,411.52,0,0.026,31.45,1,2,1,1
421.55,418.28,412.26,0,0.026,30.9,1,2,1,1
420.45,418.61,412.87,-0.01,0.025,25.39,1,2,1,1
421.55,419.06,413.51,0,0.024,16,1,2,1,1
422.1,419.53,414.15,0,0.023,18.21,1,2,1,1
422.1,419.93,414.74,0,0.021,16.55,1,2,1,1
421.55,420.18,415.24,0,0.018,16,1,2,1,1
418.24,419.88,415.46,-0.01,0.016,12.14,1,2,1,1
421,420.05,415.87,0,0.016,18.21,1,2,1,1
422.1,420.37,416.33,0,0.015,9.93,1,2,1,1
422.65,420.72,416.8,0,0.014,11.58,1,2,1,1
418.79,420.42,416.95,-0.01,0.013,1.66,1,2,1,1
419.89,420.34,417.17,-0.01,0.012,1.65,1,2,1,1
418.24,420.02,417.25,-0.01,0.01,2.76,1,2,1,1
419.34,419.92,417.4,-0.01,0.01,3.86,1,2,1,1
414.38,419.07,417.18,-0.02,0.009,4.42,1,0,1,1
412.72,418.09,416.85,-0.02,0.009,5.52,1,0,1,1
407.2,416.41,416.14,-0.04,0.01,-3.87,1,1,1,2
409.41,415.33,415.64,-0.03,0.011,-7.17,2,1,1,2
411.07,414.67,415.3,-0.03,0.012,-9.38,2,1,1,2
408.31,413.69,414.78,-0.03,0.011,-12.14,2,1,1,2
408.31,412.86,414.3,-0.03,0.011,-12.14,2,1,1,2
409.96,412.41,413.98,-0.03,0.012,-11.04,2,1,1,2
404.44,411.18,413.27,-0.04,0.012,-16.01,2,1,1,2
407.75,410.65,412.86,-0.04,0.013,-11.59,2,1,1,2
404.44,409.69,412.24,-0.04,0.014,-18.21,2,1,1,2
400.03,408.2,411.34,-0.05,0.015,-21.52,2,1,1,2
395.62,406.26,410.18,-0.06,0.016,-24.83,2,1,1,2
393.96,404.37,408.98,-0.07,0.019,-27.59,2,1,1,2
402.24,404.04,408.48,-0.05,0.021,-19.86,2,1,1,2
399.48,403.34,407.81,-0.05,0.021,-22.62,2,1,1,2
402.79,403.26,407.44,-0.05,0.021,-18.76,2,1,1,2
405.55,403.61,407.3,-0.04,0.022,-12.69,2,1,1,2
407.2,404.16,407.29,-0.04,0.021,-13.8,2,1,1,2
407.2,404.63,407.28,-0.04,0.021,-14.9,2,1,1,2
406.65,404.94,407.23,-0.03,0.02,-16,2,1,1,2
406.65,405.2,407.19,-0.03,0.019,-12.14,2,1,1,2
407.75,405.59,407.23,-0.03,0.019,-12.14,2,1,1,2
415.48,407.11,407.84,-0.01,0.018,-2.76,2,2,1,2
418.79,408.91,408.65,0.01,0.017,-0.55,1,2,1,2
423.2,411.11,409.73,0.01,0.017,8.82,1,2,1,1
427.62,413.65,411.06,0.01,0.018,14.9,1,2,1,1
425.41,415.46,412.12,-0.01,0.019,18.21,1,2,1,1
424.86,416.91,413.06,-0.01,0.02,15.45,1,2,1,1
418.24,417.11,413.44,-0.02,0.021,7.17,1,0,1,1
416.58,417.03,413.67,-0.03,0.021,8.27,1,1,1,1
410.51,416.03,413.44,-0.04,0.021,2.2,1,1,1,1
413.82,415.69,413.47,-0.03,0.021,3.86,1,1,1,1
409.41,414.72,413.17,-0.04,0.021,4.97,1,1,1,1
408.31,413.73,412.81,-0.05,0.021,0.56,1,1,1,1
411.07,413.32,412.68,-0.04,0.021,6.63,1,1,1,1
411.07,412.97,412.56,-0.04,0.021,11.04,1,1,1,1
414.38,413.19,412.69,-0.03,0.021,18.76,1,1,1,1
409.96,412.69,412.49,-0.04,0.021,16,1,1,1,1
408.31,412.02,412.18,-0.05,0.021,6.07,2,1,1,1
410.51,411.79,412.06,-0.04,0.021,11.03,2,1,1,1
409.96,411.51,411.9,-0.04,0.02,7.17,2,1,1,1
410.51,411.36,411.8,-0.04,0.019,4.96,2,1,1,1
408.31,410.89,411.54,-0.05,0.017,1.11,2,1,1,1
409.96,410.75,411.42,-0.04,0.017,2.76,2,1,1,1
409.41,410.54,411.27,-0.04,0.016,2.76,2,1,1,1
411.07,410.62,411.26,-0.04,0.015,4.42,2,1,1,1
411.62,410.77,411.29,-0.04,0.015,3.87,2,1,1,1
415.48,411.49,411.6,-0.03,0.014,0,2,1,1,0
422.1,413.12,412.38,-0.01,0.014,3.31,1,2,1,1
422.65,414.59,413.14,-0.01,0.014,-0.55,1,2,1,2
419.89,415.41,413.64,-0.01,0.014,-7.73,1,2,1,2
422.1,416.44,414.27,-0.01,0.014,-3.31,1,2,1,2
420.45,417.06,414.73,-0.01,0.015,-4.41,1,2,1,2
412.17,416.31,414.54,-0.02,0.015,-6.07,1,0,1,2
406.65,414.82,413.96,-0.04,0.014,-9.93,1,1,1,2
414.38,414.75,413.99,-0.02,0.013,3.87,1,0,1,1
414.38,414.69,414.02,-0.02,0.012,0.56,1,0,1,1
407.75,413.62,413.56,-0.04,0.011,-1.66,1,1,1,2
409.96,413.06,413.29,-0.03,0.011,1.65,2,1,1,1
412.17,412.92,413.21,-0.02,0.011,1.1,2,0,1,1
415.48,413.31,413.38,-0.02,0.011,4.41,2,0,1,1
421,414.49,413.94,0,0.011,6.62,1,2,1,1
419.34,415.24,414.34,-0.01,0.012,9.38,1,2,1,1
421.55,416.21,414.87,0,0.012,13.24,1,2,1,1
422.65,417.2,415.45,0,0.012,12.14,1,2,1,1
421.55,417.87,415.9,0,0.013,11.59,1,2,1,1
419.34,418.1,416.15,-0.01,0.013,8.83,1,2,1,1
417.13,417.95,416.22,-0.01,0.013,8.82,1,2,1,1
419.89,418.25,416.49,-0.01,0.013,9.93,1,2,1,1
425.41,419.35,417.15,0.01,0.013,16,1,2,1,1
423.76,420.03,417.64,0,0.013,12.69,1,2,1,1
421.55,420.26,417.93,-0.01,0.013,9.93,1,2,1,1
424.86,420.97,418.44,0,0.013,9.38,1,2,1,1
423.2,421.31,418.79,-0.01,0.013,1.1,1,2,1,1
416.58,420.58,418.63,-0.02,0.013,-6.07,1,0,1,2
418.24,420.22,418.6,-0.02,0.012,-1.65,1,0,1,2
418.24,419.92,418.57,-0.02,0.012,-3.86,1,0,1,2
418.24,419.66,418.55,-0.02,0.012,-2.21,1,0,1,2
414.93,418.93,418.28,-0.02,0.012,2.76,1,0,1,1
416.58,418.57,418.15,-0.02,0.012,9.93,1,0,1,1
401.13,415.89,416.89,-0.06,0.012,-13.25,2,1,1,2
405.55,414.3,416.05,-0.05,0.014,-8.83,2,1,1,2
416.86,414.69,416.11,-0.02,0.015,9.11,2,0,1,1
418.79,415.32,416.31,-0.02,0.014,8.83,2,0,1,1
419.34,415.94,416.53,-0.01,0.014,7.17,2,2,1,1
419.34,416.46,416.74,-0.01,0.014,3.86,2,2,1,1
417.13,416.56,416.77,-0.02,0.014,-3.87,2,0,1,2
416.58,416.56,416.76,-0.02,0.013,-2.76,2,0,1,2
417.13,416.65,416.79,-0.02,0.012,-4.42,2,0,1,2
419.34,417.06,416.98,-0.01,0.012,-3.31,1,2,1,2
421.55,417.75,417.32,-0.01,0.012,0,1,2,1,0
423.76,418.67,417.8,0,0.012,4.42,1,2,1,1
423.2,419.37,418.2,-0.01,0.012,6.07,1,2,1,1
424.86,420.21,418.69,0,0.012,4.97,1,2,1,1
424.86,420.93,419.15,0,0.012,-0.55,1,2,1,2
421.55,421.03,419.33,-0.01,0.013,-2.21,1,2,1,2
424.31,421.53,419.7,0,0.013,2.76,1,2,1,1
423.2,421.79,419.96,0,0.013,-1.66,1,2,1,2
424.86,422.26,420.32,0,0.013,1.66,1,2,1,1
423.76,422.49,420.57,0,0.013,7.18,1,2,1,1
419.34,422.01,420.48,-0.01,0.013,1.1,1,2,1,1
416.03,421.09,420.15,-0.02,0.013,-2.21,1,0,1,2
411.07,419.55,419.48,-0.03,0.013,-7.17,1,1,1,2
416.03,419.01,419.22,-0.02,0.013,1.1,2,0,1,1
417.13,418.72,419.07,-0.02,0.013,0.55,2,0,1,1
414.93,418.14,418.76,-0.02,0.013,13.8,2,0,1,1
416.58,417.9,418.6,-0.02,0.013,11.03,2,0,1,1
420.45,418.29,418.74,-0.01,0.013,3.59,2,2,1,1
423.2,419.05,419.07,0,0.013,4.41,2,2,1,1
427.62,420.37,419.7,0.01,0.013,8.28,1,2,1,1
432.03,422.16,420.61,0.01,0.011,12.69,1,2,1,1
438.65,424.7,421.95,0.02,0.011,21.52,1,2,1,1
439.76,427.02,423.27,0,0.013,23.18,1,2,1,1
437,428.56,424.29,-0.01,0.015,19.87,1,2,1,1
440.31,430.37,425.48,0,0.017,20.97,1,2,1,1
435.89,431.22,426.25,-0.01,0.018,14.34,1,2,1,1
435.89,431.94,426.96,-0.01,0.019,12.13,1,2,1,1
432.58,432.04,427.38,-0.02,0.019,9.38,1,0,1,1
427.62,431.36,427.4,-0.03,0.019,2.76,1,1,1,1
425.41,430.44,427.25,-0.03,0.019,0.55,1,1,1,1
427.07,429.92,427.24,-0.03,0.019,5.52,1,1,1,1
430.38,429.99,427.47,-0.02,0.019,6.07,1,0,1,1
433.14,430.47,427.89,-0.02,0.019,9.94,1,0,1,1
436.45,431.39,428.52,-0.01,0.019,11.59,1,2,1,1
436.45,432.17,429.11,-0.01,0.02,12.69,1,2,1,1
439.21,433.25,429.86,0,0.02,19.87,1,2,1,1
445.83,435.19,431.04,0.01,0.02,29.8,1,2,1,1
449.14,437.34,432.38,0.01,0.022,38.07,1,2,1,1
438.65,437.54,432.84,-0.02,0.023,22.62,1,0,1,1
438.1,437.63,433.23,-0.02,0.024,20.97,1,0,1,1
447.48,439.15,434.29,0,0.023,32.55,1,2,1,1
444.17,439.92,435.02,-0.01,0.024,27.59,1,2,1,1
445.27,440.74,435.78,-0.01,0.022,24.82,1,2,1,1
441.41,440.84,436.2,-0.02,0.022,18.21,1,0,1,1
440.31,440.76,436.5,-0.02,0.02,12.69,1,0,1,1
439.76,440.61,436.74,-0.02,0.019,7.73,1,0,1,1
442.52,440.9,437.17,-0.01,0.017,3.87,1,2,1,1
444.17,441.4,437.69,-0.01,0.015,4.41,1,2,1,1
445.83,442.08,438.29,-0.01,0.014,8.83,1,2,1,1
462.38,445.2,440.07,0.03,0.014,22.07,1,2,1,1
464.03,448.1,441.84,0,0.017,28.14,1,2,1,1
465.14,450.72,443.57,0,0.02,29.25,1,2,1,1
463.48,452.68,445.04,0,0.022,30.9,1,2,1,1
466.24,454.77,446.61,0,0.024,38.62,1,2,1,1
466.24,456.53,448.06,0,0.026,40.83,1,2,1,1
462.38,457.43,449.12,-0.01,0.028,35.31,1,2,1,1
455.76,457.17,449.61,-0.02,0.028,25.38,1,0,1,1
455.76,456.95,450.07,-0.02,0.028,22.62,1,0,1,1
457.41,457.02,450.61,-0.02,0.027,20.96,1,0,1,1
462.93,457.93,451.52,-0.01,0.026,26.48,1,2,1,1
462.38,458.61,452.32,-0.01,0.025,23.17,1,2,1,1
464.03,459.44,453.19,0,0.024,18.2,1,2,1,1
456.86,459.04,453.46,-0.02,0.024,7.72,1,0,1,1
451.9,457.94,453.34,-0.03,0.023,13.25,1,1,1,1
456.31,457.69,453.56,-0.02,0.022,18.21,1,0,1,1
454.65,457.22,453.64,-0.02,0.021,7.17,1,0,1,1
456.86,457.16,453.88,-0.02,0.021,12.69,1,0,1,1
459.07,457.45,454.26,-0.02,0.021,13.8,1,0,1,1
456.86,457.36,454.45,-0.02,0.02,15.45,1,0,1,1
454.65,456.94,454.46,-0.02,0.019,14.34,1,0,1,1
462.38,457.78,455.05,-0.01,0.019,22.62,1,2,1,1
465.69,459,455.84,0,0.018,23.17,1,2,1,1
466.24,460.11,456.61,0,0.018,22.07,1,2,1,1
475.07,462.41,457.98,0.02,0.018,29.24,1,2,1,1
473.41,464.1,459.12,0,0.017,11.03,1,2,1,1
470.66,465.11,459.97,-0.01,0.017,6.63,1,2,1,1
468.45,465.62,460.6,-0.01,0.015,3.31,1,2,1,1
467.9,465.97,461.14,-0.02,0.014,4.42,1,0,1,1
466.79,466.1,461.56,-0.02,0.013,0.55,1,0,1,1
463.48,465.7,461.7,-0.02,0.013,-2.76,1,0,1,2
464.03,465.44,461.87,-0.02,0.013,1.65,1,0,1,1
469.55,466.07,462.44,-0.01,0.013,13.79,1,2,1,1
469.55,466.61,462.97,-0.01,0.013,13.79,1,2,1,1
469.55,467.06,463.46,-0.01,0.013,12.14,1,2,1,1
480.59,469.14,464.73,0.01,0.014,17.66,1,2,1,1
483.35,471.33,466.11,0.01,0.015,20.97,1,2,1,1
497.69,475.39,468.45,0.03,0.017,33.66,1,2,1,1
497.69,478.82,470.62,0,0.021,40.83,1,2,1,1
496.04,481.47,472.5,0,0.024,44.14,1,2,1,1
501,484.47,474.61,0.01,0.027,44.69,1,2,1,1
496.04,486.25,476.2,-0.01,0.029,41.39,1,2,1,1
487.21,486.4,477.02,-0.03,0.031,30.35,1,1,1,1
482.24,485.76,477.41,-0.04,0.031,23.17,1,1,1,1
492.73,486.83,478.54,-0.02,0.03,35.87,1,0,1,1
488.31,487.06,479.26,-0.03,0.03,33.66,1,1,1,1
492.73,487.93,480.26,-0.02,0.03,30.35,1,0,1,1
498.24,489.52,481.59,-0.01,0.029,32.55,1,2,1,1
507.62,492.3,483.52,0.01,0.03,41.38,1,2,1,1
502.11,493.81,484.9,-0.01,0.03,27.04,1,2,1,1
497.14,494.32,485.81,-0.02,0.03,23.73,1,0,1,1
498.8,495.01,486.77,-0.02,0.029,28.14,1,0,1,1
496.59,495.25,487.5,-0.02,0.029,28.14,1,0,1,1
492.17,494.78,487.85,-0.03,0.029,24.27,1,1,1,1
494.38,494.72,488.33,-0.03,0.028,27.59,1,1,1,1
491.07,494.16,488.53,-0.03,0.028,27.59,1,1,1,1
499.35,494.96,489.33,-0.02,0.028,35.32,1,0,1,1
503.76,496.31,490.4,-0.01,0.027,34.21,1,2,1,1
508.18,498.14,491.72,0,0.026,38.63,1,2,1,1
504.31,499.09,492.65,-0.01,0.026,34.76,1,2,1,1
512.04,501.08,494.09,0.01,0.024,31.45,1,2,1,1
510.38,502.51,495.3,0,0.023,27.03,1,2,1,1
512.04,503.98,496.54,0,0.021,14.35,1,2,1,1
507.07,504.46,497.32,-0.01,0.02,9.38,1,2,1,1
507.62,504.95,498.08,-0.01,0.017,11.58,1,2,1,1
504.87,504.94,498.58,-0.01,0.016,3.87,1,2,1,1
507.62,505.35,499.25,-0.01,0.015,11.58,1,2,1,1
506.52,505.53,499.79,-0.01,0.016,19.31,1,2,1,1
506.52,505.68,500.29,-0.01,0.016,24.28,1,2,1,1
508.73,506.15,500.92,-0.01,0.016,16,1,2,1,1
507.07,506.29,501.38,-0.01,0.016,18.76,1,2,1,1
513.14,507.34,502.25,0,0.016,20.41,1,2,1,1
518.66,509.08,503.47,0.01,0.016,20.42,1,2,1,1
522.52,511.15,504.88,0.01,0.015,14.9,1,2,1,1
526.94,513.58,506.51,0.01,0.016,24.83,1,2,1,1
531.9,516.4,508.39,0.01,0.017,34.76,1,2,1,1
534.11,519.12,510.3,0,0.019,35.31,1,2,1,1
517.56,518.88,510.84,-0.03,0.021,20.97,1,1,1,1
515.9,518.42,511.21,-0.03,0.021,23.73,1,1,1,1
515.35,517.95,511.52,-0.04,0.021,20.97,1,1,1,1
519.21,518.14,512.09,-0.03,0.021,28.14,1,1,1,1
515.9,517.8,512.37,-0.03,0.021,16.55,1,1,1,1
512.59,517,512.39,-0.04,0.02,8.83,1,1,1,1
515.35,516.75,512.61,-0.04,0.019,7.17,1,1,1,1
519.76,517.21,513.14,-0.03,0.018,15.45,1,1,1,1
521.97,517.94,513.79,-0.02,0.016,9.93,1,0,1,1
526.38,519.24,514.72,-0.01,0.016,16,1,2,1,1
524.18,520,515.42,-0.02,0.016,12.14,1,0,1,1
518.11,519.71,515.62,-0.03,0.016,11.04,1,1,1,1
515.9,519.12,515.64,-0.03,0.015,8.28,1,1,1,1
509.83,517.69,515.21,-0.05,0.015,4.96,1,1,1,1
508.73,516.31,514.73,-0.05,0.015,1.11,1,1,1,1
510.38,515.4,514.41,-0.04,0.015,3.86,1,1,1,1
509.83,514.54,514.07,-0.05,0.015,3.31,1,1,1,1
508.18,513.56,513.63,-0.05,0.015,-0.55,2,1,1,2
504.87,512.22,512.98,-0.05,0.015,-2.2,2,1,1,2
509.83,511.85,512.75,-0.05,0.015,-3.31,2,1,1,2
509.83,511.54,512.53,-0.05,0.015,-8.83,2,1,1,2
506.52,510.77,512.08,-0.05,0.014,-16,2,1,1,2
503.76,509.69,511.46,-0.06,0.015,-23.18,2,1,1,2
499.9,508.18,510.6,-0.06,0.015,-32,2,1,1,2
500.45,506.99,509.85,-0.05,0.016,-33.66,2,1,1,2
495.49,505.22,508.79,-0.06,0.017,-22.07,2,1,1,2
494.38,503.55,507.72,-0.06,0.018,-21.52,2,1,1,2
500.45,503.07,507.18,-0.05,0.019,-14.9,2,1,1,2
498.8,502.41,506.56,-0.05,0.018,-20.41,2,1,1,2
495.49,501.35,505.74,-0.06,0.017,-20.41,2,1,1,2
496.04,500.53,505.02,-0.06,0.017,-16.55,2,1,1,2
490.52,498.99,503.95,-0.07,0.018,-24.83,2,1,1,2
487.76,497.26,502.75,-0.07,0.019,-32,2,1,1,2
492.73,496.56,502.01,-0.06,0.02,-29.24,2,1,1,2
494.38,496.22,501.44,-0.06,0.02,-32,2,1,1,2
494.38,495.94,500.92,-0.05,0.021,-29.8,2,1,1,2
507.62,497.74,501.42,-0.02,0.021,-10.49,2,0,1,2
507.07,499.18,501.84,-0.01,0.02,-8.83,2,2,1,2
507.07,500.39,502.23,-0.01,0.019,-2.76,2,2,1,2
507.07,501.42,502.59,-0.01,0.017,-1.66,2,2,1,2
509.83,502.71,503.13,0,0.015,-0.55,2,2,1,2
504.31,502.96,503.22,-0.01,0.015,-5.52,2,2,1,2
508.18,503.76,503.59,0,0.014,0,1,2,1,0
512.04,505.03,504.22,0,0.014,7.17,1,2,1,1
507.07,505.34,504.43,-0.01,0.014,-2.76,1,2,1,2
504.31,505.18,504.42,-0.02,0.014,-5.52,1,0,1,2
500.45,504.45,504.13,-0.02,0.013,-6.07,1,0,1,2
501.55,504,503.94,-0.02,0.013,-2.21,1,0,1,2
500.45,503.45,503.68,-0.02,0.013,0.55,2,0,1,1
500.45,502.99,503.44,-0.02,0.013,0,2,0,1,0
498.24,502.26,503.05,-0.03,0.012,2.75,2,1,1,1
506.52,502.92,503.31,-0.01,0.012,12.14,2,2,1,1
513.14,504.49,504.04,0,0.012,12.69,1,2,1,1
520.87,507.01,505.29,0.02,0.013,22.07,1,2,1,1
528.59,510.33,507.02,0.01,0.015,33.1,1,2,1,1
527.49,512.97,508.54,0,0.018,31.45,1,2,1,1
520.87,514.19,509.45,-0.01,0.019,30.35,1,2,1,1
523.63,515.64,510.5,-0.01,0.02,35.87,1,2,1,1
514.25,515.43,510.78,-0.03,0.021,21.52,1,1,1,1
512.04,514.91,510.87,-0.03,0.021,17.66,1,1,1,1
509.83,514.13,510.79,-0.04,0.021,15.45,1,1,1,1
507.62,513.13,510.56,-0.04,0.02,0,1,1,1,0
507.62,512.28,510.34,-0.04,0.018,0.55,1,1,1,1
507.62,511.56,510.14,-0.04,0.017,0.55,1,1,1,1
507.62,510.95,509.95,-0.04,0.016,0.55,1,1,1,1
505.42,510.1,509.61,-0.04,0.015,-4.41,1,1,1,2
501,508.7,508.97,-0.05,0.016,-3.31,2,1,1,2
501,507.52,508.38,-0.05,0.016,-7.18,2,1,1,2
501.55,506.6,507.87,-0.05,0.016,-10.49,2,1,1,2
500.45,505.65,507.32,-0.05,0.016,-6.62,2,1,1,2
504.87,505.53,507.14,-0.04,0.017,0.56,2,1,1,1
506.52,505.68,507.09,-0.04,0.017,6.07,2,1,1,1
509.83,506.32,507.29,-0.04,0.017,8.28,2,1,1,1
512.04,507.2,507.64,-0.03,0.017,11.59,2,1,1,1
510.38,507.69,507.84,-0.03,0.017,9.93,2,1,1,1
512.04,508.36,508.15,-0.03,0.017,13.8,1,1,1,1
512.59,509.01,508.48,-0.03,0.016,6.07,1,1,1,1
509.28,509.05,508.54,-0.04,0.016,-3.86,1,1,1,2
513.14,509.68,508.88,-0.03,0.016,-7.73,1,1,1,2
514.8,510.47,509.32,-0.02,0.015,-13.79,1,0,1,2
520.87,512.07,510.18,-0.01,0.014,-6.62,1,2,1,2
520.31,513.34,510.93,-0.01,0.015,-0.56,1,2,1,2
515.9,513.73,511.3,-0.01,0.015,-7.73,1,2,1,2
518.66,514.49,511.85,0,0.015,4.41,1,2,1,1
517.56,514.96,512.27,-0.01,0.014,5.52,1,2,1,1
517,515.27,512.62,-0.01,0.013,7.17,1,2,1,1
520.31,516.05,513.19,0,0.012,12.69,1,2,1,1
524.18,517.3,514,0.01,0.012,16.56,1,2,1,1
521.97,518.02,514.59,0,0.013,14.35,1,2,1,1
520.31,518.37,515.01,-0.01,0.013,12.69,1,2,1,1
521.97,518.92,515.53,0,0.014,16.55,1,2,1,1
514.8,518.29,515.48,-0.02,0.014,13.8,1,0,1,1
510.38,517.07,515.1,-0.03,0.014,9.38,1,1,1,1
514.25,516.64,515.04,-0.02,0.014,12.7,1,0,1,1
513.69,516.19,514.94,-0.02,0.014,13.24,1,0,1,1
518.66,516.57,515.22,-0.01,0.013,13.79,1,2,1,1
518.66,516.89,515.47,-0.01,0.013,12.14,1,2,1,1
520.31,517.42,515.83,-0.01,0.012,10.48,1,2,1,1
519.21,517.7,516.08,-0.01,0.011,7.17,1,2,1,1
518.11,517.76,516.23,-0.01,0.01,7.73,1,2,1,1
520.31,518.15,516.53,-0.01,0.009,8.27,1,2,1,1
521.97,518.74,516.93,0,0.008,9.38,1,2,1,1
528.04,520.17,517.75,0.01,0.008,18.76,1,2,1,1
525.28,520.96,518.31,-0.01,0.009,12.14,1,2,1,1
520.87,520.95,518.5,-0.01,0.009,6.07,1,2,1,1
523.07,521.28,518.84,-0.01,0.008,2.2,1,2,1,1
517.56,520.71,518.75,-0.02,0.008,-2.75,1,0,1,2
518.11,520.31,518.7,-0.02,0.007,2.21,1,0,1,1
513.69,519.29,518.33,-0.03,0.007,-4.97,1,1,1,2
507.62,517.49,517.54,-0.04,0.007,-9.94,2,1,1,2
511.49,516.57,517.09,-0.03,0.008,-5.51,2,1,1,2
520.31,517.15,517.33,-0.01,0.009,0,2,2,1,0
519.76,517.55,517.51,-0.02,0.009,-4.42,1,0,1,2
519.76,517.89,517.68,-0.02,0.009,-2.21,1,0,1,2
527.49,519.37,518.41,0,0.009,7.18,1,2,1,1
523.07,519.94,518.76,-0.01,0.009,1.1,1,2,1,1
523.07,520.42,519.08,-0.01,0.009,8.27,1,2,1,1
519.21,520.23,519.09,-0.02,0.009,8.83,1,0,1,1
525.83,521.09,519.59,0,0.009,11.58,1,2,1,1
523.07,521.39,519.85,-0.01,0.009,9.38,1,2,1,1
519.76,521.14,519.84,-0.02,0.01,1.1,1,0,1,1
514.25,520.08,519.43,-0.03,0.009,-4.41,1,1,1,2
514.25,519.18,519.05,-0.03,0.009,-6.06,1,1,1,2
521.42,519.52,519.23,-0.01,0.009,2.21,1,2,1,1
525.28,520.41,519.68,-0.01,0.009,7.17,1,2,1,1
519.21,520.23,519.65,-0.02,0.009,-1.1,1,0,1,2
517.56,519.82,519.5,-0.02,0.009,-4.41,1,0,1,2
521.97,520.15,519.68,-0.01,0.009,-6.07,1,2,1,2
523.63,520.69,519.97,-0.01,0.009,-1.65,1,2,1,2
513.14,519.53,519.46,-0.03,0.009,-7.73,1,1,1,2
504.87,517.27,518.38,-0.04,0.009,-18.2,2,1,1,2
504.87,515.36,517.38,-0.04,0.011,-12.69,2,1,1,2
514.25,515.19,517.15,-0.03,0.012,-3.86,2,1,1,2
514.8,515.13,516.98,-0.02,0.011,1.11,2,0,1,1
514.8,515.08,516.82,-0.02,0.011,7.18,2,0,1,1
510.38,514.36,516.34,-0.03,0.011,-1.11,2,1,1,2
512.59,514.09,516.06,-0.03,0.012,-7.72,2,1,1,2
520.31,515.05,516.37,-0.01,0.012,0.55,2,2,1,1
513.14,514.76,516.13,-0.03,0.012,-6.62,2,1,1,2
510.38,514.09,515.7,-0.03,0.011,-17.11,2,1,1,2
507.07,513.01,515.06,-0.04,0.011,-16,2,1,1,2
510.93,512.69,514.75,-0.03,0.012,-12.14,2,1,1,2
519.21,513.69,515.08,-0.01,0.012,0,2,2,1,0
523.07,515.13,515.67,0,0.012,-2.76,2,2,1,2
529.69,517.37,516.71,0.01,0.012,6.62,1,2,1,1
530.25,519.35,517.71,0,0.012,10.49,1,2,1,1
542.94,522.98,519.58,0.02,0.013,28.69,1,2,1,1
566.11,529.62,523.03,0.04,0.016,51.86,1,2,1,1
584.32,538.04,527.57,0.03,0.023,62.9,1,2,1,1
577.15,544.06,531.24,-0.01,0.033,51.87,1,2,1,1
580.46,549.66,534.89,-0.01,0.038,61.25,1,2,1,1
570.53,552.87,537.53,-0.02,0.043,52.97,1,0,1,1
577.15,556.61,540.46,-0.01,0.045,55.18,1,2,1,1
578.8,560.02,543.3,-0.01,0.048,55.17,1,2,1,1
585.98,564.01,546.46,0,0.051,72.84,1,2,1,1
584.87,567.22,549.31,0,0.054,80,1,2,1,1
575.49,568.49,551.25,-0.02,0.056,70.62,1,0,1,1
584.87,571.01,553.74,0,0.057,70.62,1,2,1,1
594.25,574.59,556.74,0.01,0.059,79.45,1,2,1,1
589.84,576.94,559.19,-0.01,0.061,75.04,1,2,1,1
586.53,578.42,561.22,-0.01,0.061,76.15,1,2,1,1
574.94,577.88,562.24,-0.03,0.06,62.35,1,1,1,1
568.87,576.49,562.73,-0.04,0.06,48.56,1,1,1,1
565.56,574.81,562.94,-0.05,0.058,52.42,1,1,1,1
571.08,574.24,563.54,-0.04,0.057,60.7,1,1,1,1
570.53,573.67,564.06,-0.04,0.055,63.46,1,1,1,1
574.39,573.78,564.83,-0.03,0.053,63.46,1,1,1,1
573.84,573.79,565.5,-0.03,0.051,54.63,1,1,1,1
581.01,574.9,566.65,-0.02,0.048,57.94,1,0,1,1
587.63,576.86,568.2,-0.01,0.045,57.94,1,2,1,1
601.98,580.72,570.7,0.01,0.041,71.73,1,2,1,1
603.63,584.24,573.14,0,0.037,60.69,1,2,1,1
594.25,585.78,574.7,-0.02,0.034,28.14,1,0,1,1
599.22,587.85,576.52,-0.01,0.03,14.9,1,2,1,1
603.63,590.28,578.53,0,0.027,26.48,1,2,1,1
611.91,593.61,581,0.01,0.023,31.45,1,2,1,1
606.39,595.58,582.88,-0.01,0.021,35.86,1,2,1,1
605.29,597.07,584.54,-0.01,0.022,28.14,1,2,1,1
608.05,598.76,586.28,-0.01,0.022,29.25,1,2,1,1
606.39,599.93,587.77,-0.01,0.023,20.41,1,2,1,1
611.91,601.77,589.56,0,0.024,27.04,1,2,1,1
610.25,603.07,591.09,0,0.025,34.76,1,2,1,1
611.91,604.43,592.63,0,0.025,27.04,1,2,1,1
595.91,603.12,592.87,-0.03,0.026,1.66,1,1,1,1
588.18,600.82,592.52,-0.04,0.026,-1.66,1,1,1,2
595.35,599.98,592.73,-0.03,0.026,8.82,1,1,1,1
595.35,599.27,592.92,-0.03,0.025,20.41,1,1,1,1
601.42,599.6,593.55,-0.02,0.025,32.55,1,0,1,1
595.35,598.95,593.68,-0.03,0.025,29.79,1,1,1,1
582.66,596.44,592.86,-0.05,0.025,11.58,1,1,1,1
581.01,594.07,591.98,-0.05,0.025,10.48,1,1,1,1
582.11,592.23,591.25,-0.05,0.025,7.72,1,1,1,1
577.15,589.91,590.21,-0.06,0.024,3.31,2,1,1,1
582.66,588.79,589.65,-0.05,0.023,1.65,2,1,1,1
577.15,587,588.72,-0.06,0.022,-10.48,2,1,1,2
572.73,584.8,587.54,-0.06,0.021,-29.25,2,1,1,2
573.28,583.03,586.48,-0.06,0.021,-30.35,2,1,1,2
583.22,583.06,586.24,-0.05,0.021,-11.03,2,1,1,2
591.49,584.36,586.63,-0.03,0.021,-7.73,2,1,1,2
592.6,585.63,587.07,-0.03,0.021,-11.03,2,1,1,2
595.35,587.13,587.68,-0.03,0.021,-16.56,2,1,1,2
592.6,587.97,588.04,-0.03,0.021,-13.79,2,1,1,2
588.18,588,588.05,-0.04,0.021,-17.11,2,1,1,2
580.46,586.84,587.49,-0.05,0.021,-27.59,2,1,1,2
579.35,585.69,586.89,-0.05,0.021,-27.04,2,1,1,2
583.77,585.39,586.66,-0.05,0.02,-28.14,2,1,1,2
584.32,585.23,586.49,-0.05,0.02,-25.93,2,1,1,2
585.98,585.35,586.45,-0.03,0.02,-25.93,2,1,1,2
587.08,585.62,586.5,-0.02,0.019,-8.83,2,0,1,2
590.94,586.44,586.83,-0.02,0.018,2.76,2,0,1,1
590.39,587.05,587.09,-0.02,0.016,-4.96,2,0,1,2
590.39,587.56,587.33,-0.02,0.015,-4.96,1,0,1,2
593.15,588.42,587.76,0,0.013,-8.27,1,2,1,2
599.22,590.08,588.61,0.01,0.012,3.87,1,2,1,1
599.77,591.57,589.44,0,0.013,17.11,1,2,1,1
611.36,594.61,591.06,0.02,0.013,30.35,1,2,1,1
615.77,597.87,592.89,0.01,0.015,33.66,1,2,1,1
617.43,600.88,594.71,0,0.017,40.28,1,2,1,1
617.43,603.43,596.39,0,0.019,34.77,1,2,1,1
617.43,605.58,597.95,0,0.021,40.28,1,2,1,1
622.94,608.25,599.8,0.01,0.022,50.21,1,2,1,1
614.67,609.24,600.9,-0.01,0.024,41.39,1,2,1,1
615.22,610.16,601.96,-0.01,0.025,32,1,2,1,1
615.22,610.94,602.94,-0.01,0.025,23.73,1,2,1,1
616.32,611.77,603.93,-0.01,0.025,23.72,1,2,1,1
603.08,610.43,603.87,-0.03,0.024,7.73,1,1,1,1
602.53,609.21,603.77,-0.03,0.023,9.93,1,1,1,1
599.22,607.67,603.43,-0.04,0.023,11.04,1,1,1,1
600.87,606.62,603.24,-0.04,0.022,20.41,1,1,1,1
589.84,604.04,602.25,-0.05,0.022,10.49,1,1,1,1
579.91,600.33,600.6,-0.07,0.022,-3.86,2,1,1,2
581.56,597.44,599.19,-0.07,0.023,-2.76,2,1,1,2
585.98,595.68,598.21,-0.06,0.024,0,2,1,1,0
589.29,594.7,597.55,-0.05,0.023,2.21,2,1,1,1
595.35,594.8,597.39,-0.04,0.023,4.41,2,1,1,1
600.32,595.65,597.61,-0.04,0.022,9.93,2,1,1,1
604.73,597.05,598.14,-0.03,0.021,14.34,2,1,1,1
610.25,599.08,599.04,-0.02,0.021,17.1,1,0,1,1
611.91,601.05,599.99,-0.02,0.02,12.69,1,0,1,1
611.91,602.72,600.87,-0.02,0.02,12.14,1,0,1,1
617.98,605.07,602.14,-0.01,0.02,6.62,1,2,1,1
619.08,607.23,603.39,-0.01,0.02,3.31,1,2,1,1
618.53,608.97,604.51,-0.01,0.02,1.1,1,2,1,1
612.46,609.51,605.1,-0.02,0.02,-4.97,1,0,1,2
621.29,611.32,606.3,0,0.02,3.86,1,2,1,1
624.05,613.28,607.61,0,0.021,1.11,1,2,1,1
633.43,616.38,609.52,0.02,0.021,18.76,1,2,1,1
634.53,619.17,611.37,0,0.022,19.31,1,2,1,1
635.08,621.62,613.13,0,0.024,19.86,1,2,1,1
637.29,624.03,614.92,0,0.025,20.97,1,2,1,1
633.43,625.48,616.29,-0.01,0.026,30.35,1,2,1,1
630.67,626.28,617.36,-0.01,0.027,28.14,1,2,1,1
633.43,627.38,618.55,-0.01,0.027,34.21,1,2,1,1
639.5,629.24,620.1,0,0.028,38.63,1,2,1,1
640.6,630.99,621.62,0,0.029,50.76,1,2,1,1
631.22,631.03,622.33,-0.01,0.03,51.31,1,2,1,1
630.67,630.97,622.95,-0.02,0.031,49.11,1,0,1,1
636.19,631.77,623.93,-0.01,0.031,50.21,1,2,1,1
632.32,631.85,624.55,-0.01,0.031,43.03,1,2,1,1
632.32,631.92,625.13,-0.01,0.03,36.97,1,2,1,1
640.05,633.17,626.24,0,0.027,39.73,1,2,1,1
656.05,636.69,628.45,0.02,0.025,51.32,1,2,1,1
666.53,641.28,631.27,0.02,0.025,56.28,1,2,1,1
675.91,646.61,634.58,0.01,0.025,64,1,2,1,1
679.22,651.63,637.89,0,0.027,67.31,1,2,1,1
674.81,655.2,640.62,-0.01,0.029,56.83,1,2,1,1
666.53,656.94,642.54,-0.02,0.03,47.45,1,0,1,1
667.08,658.5,644.36,-0.02,0.03,48.55,1,0,1,1
671.5,660.5,646.37,-0.01,0.03,59.04,1,2,1,1
683.09,663.98,649.09,0.01,0.031,61.8,1,2,1,1
686.4,667.43,651.85,0,0.032,62.35,1,2,1,1
687.5,670.52,654.49,0,0.033,54.07,1,2,1,1
688.6,673.3,657.02,0,0.034,54.07,1,2,1,1
686.4,675.32,659.2,0,0.034,51.32,1,2,1,1
684.74,676.77,661.09,-0.01,0.035,47.45,1,2,1,1
675.91,676.64,662.19,-0.02,0.034,42.48,1,0,1,1
668.19,675.34,662.63,-0.03,0.034,37.52,1,1,1,1
665.43,673.82,662.84,-0.03,0.034,32,1,1,1,1
669.29,673.12,663.32,-0.03,0.033,29.79,1,1,1,1
663.77,671.68,663.35,-0.04,0.033,23.17,1,1,1,1
662.12,670.21,663.26,-0.04,0.032,30.9,1,1,1,1
656.6,668.12,662.77,-0.05,0.03,25.93,1,1,1,1
655.5,666.18,662.23,-0.05,0.029,19.31,1,1,1,1
655.5,664.54,661.73,-0.05,0.028,23.18,1,1,1,1
645.01,661.54,660.49,-0.06,0.028,12.69,1,1,1,1
647.22,659.34,659.51,-0.06,0.027,7.17,2,1,1,1
656.05,658.83,659.25,-0.05,0.025,0,2,1,1,0
654.95,658.23,658.93,-0.05,0.024,-11.58,2,1,1,2
656.05,657.89,658.72,-0.05,0.022,-19.86,2,1,1,2
641.7,655.4,657.46,-0.07,0.02,-37.52,2,1,1,2
631.22,651.68,655.52,-0.08,0.02,-43.59,2,1,1,2
623.49,647.34,653.15,-0.09,0.022,-43.04,2,1,1,2
615.22,642.4,650.34,-0.11,0.025,-51.86,2,1,1,2
615.22,638.22,647.74,-0.11,0.029,-56.28,2,1,1,2
615.22,634.68,645.33,-0.11,0.031,-67.87,2,1,1,2
621.29,632.62,643.55,-0.1,0.034,-65.11,2,1,1,2
621.84,630.96,641.94,-0.1,0.035,-65.66,2,1,1,2
619.63,629.22,640.29,-0.1,0.037,-68.97,2,1,1,2
616.87,627.32,638.56,-0.1,0.038,-69.53,2,1,1,2
619.63,626.14,637.16,-0.08,0.038,-65.11,2,1,1,2
623.49,625.73,636.15,-0.07,0.038,-52.42,2,1,1,2
620.18,624.88,634.97,-0.07,0.037,-48.01,2,1,1,2
617.98,623.82,633.71,-0.08,0.036,-47.45,2,1,1,2
615.22,622.5,632.34,-0.07,0.034,-54.07,2,1,1,2
608.05,620.28,630.54,-0.08,0.033,-55.72,2,1,1,2
603.63,617.72,628.55,-0.08,0.032,-58.49,2,1,1,2
597.56,614.62,626.25,-0.09,0.032,-59.04,2,1,1,2
594.8,611.57,623.92,-0.09,0.033,-60.7,2,1,1,2
597.29,609.37,621.95,-0.09,0.033,-58.21,2,1,1,2
597.29,607.51,620.12,-0.09,0.033,-47.72,2,1,1,2
599.77,606.32,618.61,-0.09,0.032,-47.45,2,1,1,2
600.87,605.48,617.3,-0.08,0.032,-55.18,2,1,1,2
600.32,604.69,616.04,-0.08,0.031,-54.63,2,1,1,2
599.22,603.85,614.79,-0.07,0.03,-56.83,2,1,1,2
604.18,603.9,614,-0.04,0.03,-37.52,2,1,1,2
601.98,603.6,613.11,-0.03,0.029,-29.24,2,1,1,2
601.42,603.26,612.24,-0.04,0.026,-22.07,2,1,1,2
609.15,604.17,612.01,-0.02,0.023,-6.07,2,0,1,2
587.08,601.54,610.16,-0.06,0.019,-28.14,2,1,1,2
583.77,598.81,608.21,-0.06,0.018,-31.45,2,1,1,2
571.63,594.63,605.5,-0.08,0.019,-49.66,2,1,1,2
559.49,589.22,602.09,-0.1,0.021,-62.35,2,1,1,2
549.56,583.12,598.2,-0.12,0.025,-70.07,2,1,1,2
551.21,578.21,594.72,-0.12,0.03,-65.66,2,1,1,2
557.83,575.07,591.99,-0.11,0.034,-61.8,2,1,1,2
567.22,573.86,590.16,-0.09,0.036,-56.27,2,1,1,2
565.56,572.58,588.34,-0.08,0.036,-54.62,2,1,1,2
565.56,571.5,586.65,-0.08,0.037,-52.42,2,1,1,2
561.7,569.99,584.8,-0.08,0.037,-53.52,2,1,1,2
561.7,568.71,583.09,-0.08,0.037,-46.35,2,1,1,2
561.7,567.63,581.51,-0.08,0.037,-41.93,2,1,1,2
564.46,567.14,580.25,-0.07,0.036,-33.1,2,1,1,2
563.35,566.56,579,-0.08,0.035,-31.45,2,1,1,2
560.59,565.64,577.64,-0.08,0.034,-36.7,2,1,1,2
566.11,565.71,576.79,-0.07,0.034,-31.18,2,1,1,2
566.11,565.77,576,-0.07,0.034,-33.66,2,1,1,2
571.63,566.67,575.68,-0.06,0.033,-29.24,2,1,1,2
570.53,567.26,575.3,-0.06,0.033,-29.79,2,1,1,2
568.87,567.51,574.82,-0.07,0.032,-30.35,2,1,1,2
576.04,568.82,574.91,-0.05,0.032,-28.14,2,1,1,2
578.25,570.27,575.16,-0.05,0.031,-23.73,2,1,1,2
571.63,570.48,574.9,-0.06,0.03,-29.79,2,1,1,2
568.32,570.15,574.41,-0.03,0.028,-40.83,2,1,1,2
572.73,570.55,574.29,-0.02,0.027,-14.35,2,0,1,2
576.59,571.48,574.46,0,0.025,-7.18,2,2,1,2
575.49,572.1,574.54,0,0.023,3.86,2,2,1,1
574.39,572.45,574.53,-0.01,0.02,14.9,2,2,1,1
569.97,572.07,574.19,-0.01,0.015,20.41,2,2,1,1
570.53,571.83,573.92,-0.01,0.014,19.32,2,2,1,1
570.53,571.63,573.67,-0.01,0.013,12.7,2,2,1,1
571.08,571.55,573.48,-0.01,0.012,3.86,2,2,1,1
568.87,571.14,573.14,-0.02,0.012,3.31,2,0,1,1
566.66,570.45,572.66,-0.02,0.011,1.1,2,0,1,1
558.94,568.68,571.64,-0.03,0.009,-2.76,2,1,1,2
551.77,566.08,570.17,-0.05,0.009,-9.93,2,1,1,2
554.52,564.3,569.01,-0.04,0.011,-7.18,2,1,1,2
555.08,562.88,567.98,-0.04,0.011,-9.38,2,1,1,2
558.39,562.19,567.27,-0.03,0.012,-4.96,2,1,1,2
556.73,561.35,566.49,-0.04,0.012,-3.86,2,1,1,2
552.87,560.05,565.48,-0.04,0.013,-13.24,2,1,1,2
539.07,556.82,563.52,-0.07,0.013,-27.04,2,1,1,2
525.83,552.05,560.73,-0.09,0.016,-45.8,2,1,1,2
526.94,548.19,558.23,-0.09,0.021,-43.59,2,1,1,2
529.14,545.26,556.08,-0.08,0.024,-39.73,2,1,1,2
533.01,543.38,554.37,-0.08,0.027,-43.03,2,1,1,2
523.63,540.34,552.09,-0.09,0.028,-54.62,2,1,1,2
522.52,537.6,549.9,-0.09,0.031,-49.11,2,1,1,2
525.28,535.7,548.08,-0.09,0.033,-43.04,2,1,1,2
525.83,534.18,546.43,-0.09,0.034,-46.9,2,1,1,2
529.69,533.49,545.19,-0.08,0.035,-46.9,2,1,1,2
535.21,533.75,544.45,-0.07,0.035,-40.28,2,1,1,2
536.87,534.23,543.89,-0.06,0.035,-37.52,2,1,1,2
538.52,534.89,543.49,-0.06,0.035,-31.45,2,1,1,2
541.83,535.96,543.37,-0.05,0.034,-28.7,2,1,1,2
545.14,537.37,543.5,-0.05,0.033,-25.39,2,1,1,2
542.94,538.23,543.46,-0.05,0.032,-28.14,2,1,1,2
537.97,538.19,543.05,-0.05,0.03,-30.9,2,1,1,2
530.25,536.97,542.1,-0.05,0.029,-36.41,2,1,1,2
529.69,535.85,541.18,-0.05,0.028,-29.25,2,1,1,2
530.8,535.07,540.41,-0.05,0.027,-20.97,2,1,1,2
524.73,533.48,539.25,-0.06,0.025,-29.79,2,1,1,2
532.45,533.32,538.75,-0.05,0.024,-22.63,2,1,1,2
538.52,534.12,538.73,-0.03,0.022,-19.87,2,1,1,2
544.04,535.65,539.12,-0.02,0.021,-12.69,2,0,1,2
555.08,538.64,540.3,0.02,0.02,2.21,2,2,1,1
565.56,542.78,542.17,0.02,0.02,26.49,1,2,1,1
584.32,549.17,545.29,0.03,0.022,58.49,1,2,1,1
578.8,553.73,547.77,-0.01,0.026,51.86,1,2,1,1
582.66,558.18,550.35,0,0.029,53.52,1,2,1,1
584.87,562.29,552.91,0,0.032,51.86,1,2,1,1
590.39,566.61,555.69,0.01,0.036,66.76,1,2,1,1
594.8,570.95,558.59,0.01,0.039,72.28,1,2,1,1
592.04,574.19,561.07,0,0.042,66.76,1,2,1,1
593.15,577.11,563.45,0,0.044,67.32,1,2,1,1
593.15,579.58,565.65,0,0.046,63.46,1,2,1,1
604.73,583.45,568.54,0.02,0.047,69.52,1,2,1,1
602.53,586.39,571.06,0,0.049,65.66,1,2,1,1
601.98,588.79,573.35,0,0.05,63.46,1,2,1,1
594.8,589.71,574.94,-0.02,0.05,52.97,1,0,1,1
591.49,589.98,576.17,-0.02,0.05,46.35,1,0,1,1
587.63,589.62,577.02,-0.03,0.05,44.69,1,1,1,1
587.63,589.31,577.81,-0.03,0.049,49.66,1,1,1,1
585.42,588.71,578.37,-0.03,0.049,55.17,1,1,1,1
583.77,587.95,578.77,-0.03,0.048,54.08,1,1,1,1
576.59,586.2,578.61,-0.05,0.047,45.79,1,1,1,1
582.11,585.57,578.87,-0.04,0.046,57.38,1,1,1,1
578.25,584.44,578.82,-0.04,0.045,45.8,1,1,1,1
578.8,583.57,578.82,-0.04,0.042,40.28,1,1,1,1
584.32,583.69,579.23,-0.03,0.039,40.28,1,1,1,1
589.84,584.64,580.02,-0.02,0.036,34.76,1,0,1,1
588.18,585.18,580.62,-0.03,0.031,22.62,1,1,1,1
599.77,587.42,582.04,-0.01,0.027,15.45,1,2,1,1
595.91,588.73,583.07,-0.01,0.022,17.11,1,2,1,1
593.15,589.41,583.82,-0.02,0.018,10.49,1,0,1,1
595.35,590.32,584.67,-0.02,0.015,10.48,1,0,1,1
589.84,590.25,585.05,-0.02,0.013,-0.55,1,0,1,2
590.39,590.27,585.45,-0.02,0.013,-4.41,1,0,1,2
583.22,589.19,585.28,-0.04,0.012,-8.82,1,1,1,2
576.59,587.25,584.64,-0.05,0.012,-16.56,1,1,1,2
583.77,586.71,584.58,-0.03,0.013,-9.38,1,1,1,2
586.53,586.68,584.72,-0.03,0.013,-18.2,1,1,1,2
586.53,586.66,584.85,-0.03,0.013,-16,1,1,1,2
583.22,586.13,584.73,-0.03,0.013,-18.76,1,1,1,2
580.46,585.26,584.41,-0.03,0.013,-14.34,1,1,1,2
579.35,584.35,584.04,-0.03,0.013,-12.14,1,1,1,2
584.32,584.35,584.06,-0.03,0.012,-3.31,1,1,1,2
593.7,585.79,584.77,-0.01,0.011,6.07,1,2,1,1
603.63,588.53,586.17,0.01,0.01,18.21,1,2,1,1
615.22,592.64,588.32,0.02,0.011,31.45,1,2,1,1
617.98,596.54,590.52,0,0.015,41.39,1,2,1,1
617.98,599.84,592.55,0,0.017,35.87,1,2,1,1
624.6,603.65,594.92,0.01,0.02,46.35,1,2,1,1
634.53,608.4,597.85,0.02,0.022,55.73,1,2,1,1
638.39,613.01,600.85,0.01,0.026,54.07,1,2,1,1
636.19,616.58,603.47,0,0.029,46.35,1,2,1,1
634.53,619.34,605.77,-0.01,0.031,46.35,1,2,1,1
629.56,620.91,607.53,-0.01,0.033,29.79,1,2,1,1
629.56,622.24,609.16,-0.01,0.033,33.65,1,2,1,1
635.08,624.22,611.08,-0.01,0.034,41.93,1,2,1,1
643.36,627.16,613.47,0.01,0.035,48.01,1,2,1,1
644.46,629.82,615.77,0,0.037,54.62,1,2,1,1
631.77,630.12,616.96,-0.02,0.038,41.38,1,0,1,1
620.74,628.68,617.24,-0.04,0.039,37.52,1,1,1,1
608.05,625.51,616.56,-0.06,0.039,31.46,1,1,1,1
612.46,623.5,616.26,-0.05,0.038,28.69,1,1,1,1
621.84,623.24,616.67,-0.04,0.038,35.31,1,1,1,1
623.49,623.28,617.18,-0.03,0.037,36.96,1,1,1,1
608.6,621.02,616.54,-0.06,0.036,25.38,1,1,1,1
599.22,617.67,615.26,-0.07,0.034,18.76,1,1,1,1
609.7,616.44,614.85,-0.05,0.033,30.35,1,1,1,1
612.46,615.83,614.67,-0.05,0.032,28.14,1,1,1,1
615.22,615.74,614.71,-0.05,0.031,21.52,1,1,1,1
618.53,616.17,614.99,-0.04,0.029,14.9,1,1,1,1
610.25,615.26,614.64,-0.05,0.027,-4.97,1,1,1,2
601.42,613.13,613.66,-0.07,0.024,-16.56,2,1,1,2
602.53,611.5,612.84,-0.07,0.022,-15.45,2,1,1,2
604.73,610.46,612.24,-0.06,0.021,-19.87,2,1,1,2
608.05,610.09,611.93,-0.06,0.021,-26.48,2,1,1,2
618.53,611.39,612.42,-0.04,0.021,-19.86,2,1,1,2
618.53,612.49,612.87,-0.04,0.021,-17.66,2,1,1,2
627.36,614.78,613.94,-0.03,0.021,-7.17,1,1,1,2
642.25,619.01,616.04,0,0.021,12.69,1,2,1,1
640.05,622.25,617.82,-0.01,0.022,10.49,1,2,1,1
645.57,625.84,619.88,0,0.022,10.49,1,2,1,1
646.67,629.04,621.86,0,0.023,3.31,1,2,1,1
643.36,631.24,623.45,-0.01,0.024,-1.1,1,2,1,2
647.77,633.78,625.25,0,0.024,16,1,2,1,1
646.12,635.68,626.8,0,0.025,25.38,1,2,1,1
651.08,638.05,628.6,0.01,0.026,43.03,1,2,1,1
647.77,639.55,630.02,-0.01,0.027,35.31,1,2,1,1
644.46,640.31,631.09,-0.01,0.027,22.62,1,2,1,1
639.5,640.19,631.71,-0.02,0.028,16.01,1,0,1,1
643.91,640.76,632.61,-0.01,0.028,35.31,1,2,1,1
646.67,641.67,633.65,-0.01,0.028,47.45,1,2,1,1
654.95,643.71,635.23,0.01,0.028,45.25,1,2,1,1
654.95,645.44,636.69,0,0.029,42.49,1,2,1,1
659.08,647.54,638.35,0.01,0.03,43.86,1,2,1,1
667.08,650.55,640.48,0.01,0.031,48.55,1,2,1,1
670.4,653.6,642.7,0,0.031,60.15,1,2,1,1
670.4,656.18,644.75,0,0.032,68.98,1,2,1,1
670.4,658.37,646.65,0,0.032,67.87,1,2,1,1
669.29,660.05,648.33,0,0.033,64.56,1,2,1,1
663.77,660.62,649.47,-0.01,0.033,55.72,1,2,1,1
663.77,661.1,650.53,-0.01,0.032,45.24,1,2,1,1
663.77,661.51,651.51,-0.01,0.03,45.24,1,2,1,1
661.57,661.52,652.26,-0.01,0.028,34.21,1,2,1,1
658.81,661.1,652.75,-0.02,0.025,16.56,1,0,1,1
664.88,661.68,653.65,-0.01,0.022,24.83,1,2,1,1
669.84,662.94,654.85,0,0.02,24.27,1,2,1,1
661.02,662.64,655.31,-0.01,0.018,14.35,1,2,1,1
648.88,660.52,654.83,-0.03,0.016,5.52,1,1,1,1
643.36,657.88,653.98,-0.04,0.016,-4.41,1,1,1,2
641.15,655.31,653.03,-0.04,0.016,-4.97,1,1,1,2
642.81,653.39,652.27,-0.04,0.016,-8.27,1,1,1,2
648.32,652.61,651.98,-0.03,0.016,0.55,1,1,1,1
659.91,653.73,652.57,-0.02,0.016,15.45,1,0,1,1
666.53,655.7,653.6,-0.01,0.016,27.03,1,2,1,1
661.02,656.52,654.15,-0.01,0.016,17.11,1,2,1,1
656.6,656.53,654.33,-0.02,0.016,9.93,1,0,1,1
658.26,656.8,654.62,-0.02,0.015,3.31,1,0,1,1
654.95,656.52,654.64,-0.02,0.015,0,1,0,1,0
658.26,656.79,654.91,-0.02,0.014,-0.82,1,0,1,2
658.81,657.1,655.2,-0.02,0.013,-8.27,1,0,1,2
661.02,657.7,655.63,-0.01,0.013,-9.38,1,2,1,2
670.95,659.74,656.76,0,0.013,0.55,1,2,1,1
672.05,661.63,657.89,0,0.013,1.65,1,2,1,1
682.53,664.85,659.72,0.02,0.013,13.24,1,2,1,1
677.02,666.72,661,-0.01,0.015,13.25,1,2,1,1
680.33,668.81,662.43,0,0.015,16.56,1,2,1,1
672.05,669.31,663.14,-0.02,0.016,8.28,1,0,1,1
675.36,670.24,664.05,-0.01,0.016,13.79,1,2,1,1
680.33,671.79,665.26,0,0.016,21.52,1,2,1,1
677.02,672.59,666.13,-0.01,0.017,12.14,1,2,1,1
671.5,672.42,666.53,-0.02,0.017,1.66,1,0,1,1
669.84,672.02,666.78,-0.02,0.018,8.82,1,0,1,1
668.74,671.52,666.93,-0.02,0.018,19.86,1,0,1,1
675.36,672.11,667.55,-0.01,0.018,32,1,2,1,1
676.46,672.78,668.21,-0.01,0.018,35.31,1,2,1,1
665.43,671.65,668,-0.03,0.018,22.62,1,1,1,1
661.57,670.1,667.52,-0.03,0.018,13.25,1,1,1,1
641.15,665.65,665.57,-0.06,0.018,-18.76,1,1,1,2
634.53,660.86,663.27,-0.07,0.018,-32,2,1,1,2
619.08,654.43,660,-0.09,0.019,-41.94,2,1,1,2
623.49,649.67,657.3,-0.09,0.022,-33.11,2,1,1,2
633.98,647.26,655.57,-0.07,0.024,-24.28,2,1,1,2
618.53,642.84,652.83,-0.09,0.026,-36.42,2,1,1,2
614.11,638.42,649.96,-0.1,0.028,-44.15,2,1,1,2
614.11,634.68,647.3,-0.1,0.031,-44.7,2,1,1,2
610.25,630.92,644.56,-0.11,0.034,-50.77,2,1,1,2
617.43,628.84,642.55,-0.1,0.036,-53.52,2,1,1,2
611.36,626.15,640.24,-0.1,0.038,-60.69,2,1,1,2
600.6,622.22,637.3,-0.12,0.04,-81.93,2,1,1,2
601.42,619.02,634.64,-0.12,0.043,-75.6,2,1,1,2
597.01,615.63,631.85,-0.12,0.045,-83.32,2,1,1,2
601.98,613.53,629.64,-0.12,0.047,-70.07,2,1,1,2
598.67,611.24,627.35,-0.12,0.048,-76.69,2,1,1,2
593.15,608.46,624.82,-0.12,0.049,-87.18,2,1,1,2
596.46,606.61,622.72,-0.12,0.05,-80.56,2,1,1,2
583.77,603.1,619.83,-0.14,0.05,-87.73,2,1,1,2
582.66,599.96,617.08,-0.14,0.051,-87.18,2,1,1,2
588.18,598.15,614.94,-0.13,0.051,-80.56,2,1,1,2
581.01,595.51,612.43,-0.14,0.051,-94.35,2,1,1,2
576.59,592.6,609.78,-0.13,0.05,-99.87,2,1,1,2
577.7,590.31,607.4,-0.13,0.05,-87.73,2,1,1,2
564.46,586.33,604.22,-0.12,0.049,-97.11,2,1,1,2
567.22,583.39,601.48,-0.11,0.049,-73.93,2,1,1,2
561.15,579.97,598.49,-0.11,0.047,-73.38,2,1,1,2
558.94,576.73,595.56,-0.12,0.044,-60.14,2,1,1,2
558.94,573.99,592.85,-0.12,0.042,-64.55,2,1,1,2
558.94,571.67,590.34,-0.1,0.039,-75.04,2,1,1,2
563.9,570.47,588.38,-0.09,0.039,-54.63,2,1,1,2
564.46,569.55,586.61,-0.09,0.038,-49.65,2,1,1,2
562.8,568.51,584.85,-0.09,0.038,-51.31,2,1,1,2
563.35,567.72,583.26,-0.09,0.037,-46.9,2,1,1,2
567.22,567.64,582.07,-0.07,0.035,-50.21,2,1,1,2
577.15,569.1,581.71,-0.04,0.034,-34.21,2,1,1,2
580.46,570.85,581.62,-0.04,0.033,-20.14,2,1,1,2
580.46,572.33,581.53,-0.04,0.031,-20.96,2,1,1,2
592.04,575.36,582.31,-0.02,0.03,-4.97,2,0,1,2
583.77,576.65,582.42,-0.02,0.027,-18.21,2,0,1,2
575.49,576.47,581.91,-0.04,0.025,-23.18,2,1,1,2
581.01,577.17,581.84,-0.03,0.024,-12.14,2,1,1,2
582.39,577.97,581.88,-0.02,0.023,-14.07,2,0,1,2
597.01,580.9,583,0.01,0.022,13.24,2,2,1,1
593.15,582.78,583.75,-0.01,0.022,10.49,2,2,1,1
601.42,585.65,585.06,0.01,0.021,13.24,1,2,1,1
601.98,588.16,586.31,0,0.022,20.97,1,2,1,1
596.46,589.44,587.06,-0.01,0.023,19.87,1,2,1,1
591.77,589.8,587.41,-0.02,0.023,14.07,1,0,1,1
591.77,590.1,587.73,-0.02,0.024,27.31,1,0,1,1
588.73,589.89,587.8,-0.02,0.024,21.51,1,0,1,1
578.8,588.18,587.13,-0.04,0.024,17.65,1,1,1,1
588.18,588.18,587.21,-0.02,0.024,29.24,1,0,1,1
592.6,588.86,587.61,-0.02,0.024,33.66,1,0,1,1
592.6,589.44,587.98,-0.02,0.024,33.66,1,0,1,1
593.7,590.1,588.4,-0.01,0.024,29.8,1,2,1,1
592.6,590.48,588.71,-0.02,0.024,28.14,1,0,1,1
595.91,591.32,589.24,-0.01,0.023,33.11,1,2,1,1
564.46,587.19,587.4,-0.06,0.022,1.11,2,1,1,1
563.9,583.61,585.66,-0.06,0.021,-3.32,2,1,1,2
560.04,579.98,583.76,-0.07,0.021,-17.11,2,1,1,2
552.87,575.81,581.47,-0.08,0.022,-27.59,2,1,1,2
561.15,573.55,579.96,-0.07,0.023,-19.31,2,1,1,2
557.28,571.05,578.28,-0.07,0.023,-34.76,2,1,1,2
552.32,568.17,576.36,-0.08,0.024,-31.45,2,1,1,2
551.77,565.65,574.54,-0.08,0.026,-23.72,2,1,1,2
545.7,562.58,572.4,-0.09,0.028,-35.31,2,1,1,2
549.01,560.49,570.67,-0.09,0.03,-33.38,2,1,1,2
553.42,559.4,569.39,-0.08,0.031,-43.59,2,1,1,2
553.42,558.48,568.21,-0.08,0.032,-39.73,2,1,1,2
557.28,558.3,567.4,-0.07,0.033,-44.14,2,1,1,2
549.01,556.87,566.04,-0.08,0.034,-52.97,2,1,1,2
553.97,556.42,565.15,-0.07,0.035,-42.49,2,1,1,2
550.11,555.45,564.04,-0.08,0.035,-41.66,2,1,1,2
537.97,552.76,562.11,-0.1,0.035,-53.8,2,1,1,2
545.14,551.59,560.85,-0.09,0.035,-43.59,2,1,1,2
556.18,552.3,560.5,-0.07,0.035,-22.62,2,1,1,2
554.52,552.64,560.06,-0.07,0.034,-33.66,2,1,1,2
553.97,552.84,559.61,-0.07,0.033,-38.63,2,1,1,2
551.77,552.68,559.03,-0.07,0.032,-40.83,2,1,1,2
557.28,553.39,558.9,-0.06,0.031,-36.42,2,1,1,2
557.28,553.99,558.78,-0.06,0.03,-35.32,2,1,1,2
555.08,554.16,558.51,-0.02,0.029,-40.83,2,0,1,2
552.87,553.96,558.09,-0.02,0.027,-11.59,2,0,1,2
544.04,552.43,557.05,-0.03,0.024,-19.86,2,1,1,2
538.52,550.29,555.68,-0.04,0.022,-21.52,2,1,1,2
536.87,548.23,554.29,-0.04,0.018,-16,2,1,1,2
536.87,546.48,553,-0.04,0.013,-24.28,2,1,1,2
529.14,543.81,551.23,-0.05,0.013,-28.14,2,1,1,2
530.8,541.81,549.72,-0.05,0.014,-21.52,2,1,1,2
532.45,540.37,548.44,-0.04,0.015,-19.32,2,1,1,2
535.21,539.58,547.46,-0.04,0.016,-10.49,2,1,1,2
532.45,538.48,546.35,-0.04,0.016,-16.56,2,1,1,2
535.21,537.98,545.52,-0.04,0.017,-18.21,2,1,1,2
534.11,537.38,544.67,-0.04,0.017,-19.31,2,1,1,2
535.76,537.13,544.01,-0.04,0.017,-21.52,2,1,1,2
539.07,537.43,543.64,-0.03,0.018,-9.94,2,1,1,2
546.25,538.79,543.83,-0.02,0.018,-7.72,2,0,1,2
546.25,539.94,544.01,-0.02,0.018,-3.86,2,0,1,2
553.97,542.1,544.75,-0.01,0.017,16,2,2,1,1
547.9,542.99,544.98,-0.02,0.017,2.76,2,0,1,1
546.25,543.49,545.07,-0.02,0.017,-9.93,2,0,1,2
550.11,544.51,545.44,-0.01,0.017,-4.41,2,2,1,2
557.28,546.47,546.32,0,0.017,3.31,1,2,1,1
554.52,547.71,546.93,0,0.017,2.75,1,2,1,1
556.73,549.1,547.66,0,0.017,-0.55,1,2,1,2
561.15,550.95,548.66,0.01,0.018,3.87,1,2,1,1
561.7,552.6,549.63,0,0.018,6.62,1,2,1,1
561.15,553.92,550.48,0,0.019,8.28,1,2,1,1
557.28,554.44,550.98,-0.01,0.019,13.24,1,2,1,1
560.04,555.3,551.65,0,0.019,21.52,1,2,1,1
555.63,555.35,551.94,-0.01,0.02,18.76,1,2,1,1
557.83,555.73,552.38,-0.01,0.02,20.96,1,2,1,1
557.28,555.97,552.74,-0.01,0.02,28.14,1,2,1,1
564.46,557.28,553.61,0,0.02,33.66,1,2,1,1
577.15,560.34,555.35,0.02,0.021,44.7,1,2,1,1
578.25,563.1,557.05,0,0.023,43.04,1,2,1,1
578.8,565.52,558.66,0,0.024,46.35,1,2,1,1
588.73,569.09,560.89,0.02,0.025,53.52,1,2,1,1
596.46,573.3,563.52,0.01,0.027,62.35,1,2,1,1
586.53,575.34,565.22,-0.02,0.029,50.77,1,0,1,1
582.66,576.47,566.51,-0.02,0.03,43.59,1,0,1,1
574.94,576.23,567.13,-0.04,0.029,28.69,1,1,1,1
605.29,580.7,569.96,0.01,0.029,59.04,1,2,1,1
610.8,585.33,572.99,0.01,0.031,56.83,1,2,1,1
621.29,590.86,576.57,0.02,0.033,73.39,1,2,1,1
623.49,595.88,580.05,0,0.036,77.24,1,2,1,1
617.98,599.28,582.86,-0.01,0.039,67.87,1,2,1,1
622.94,602.92,585.83,0,0.041,65.66,1,2,1,1
621.29,605.75,588.46,0,0.043,66.77,1,2,1,1
618.53,607.72,590.69,-0.01,0.044,61.8,1,2,1,1
624.05,610.23,593.16,0,0.044,62.9,1,2,1,1
628.46,613.03,595.77,0.01,0.045,66.76,1,2,1,1
645.01,617.95,599.42,0.03,0.046,83.86,1,2,1,1
645.01,622.11,602.8,0,0.048,87.73,1,2,1,1
632.32,623.68,604.99,-0.02,0.049,72.28,1,0,1,1
633.98,625.26,607.14,-0.02,0.05,78.35,1,0,1,1
629.56,625.92,608.8,-0.02,0.05,71.73,1,0,1,1
635.08,627.33,610.75,-0.02,0.049,77.8,1,0,1,1
641.7,629.54,613.04,-0.01,0.048,77.24,1,2,1,1
637.84,630.82,614.88,-0.01,0.047,60.69,1,2,1,1
638.39,631.98,616.62,-0.01,0.045,60.14,1,2,1,1
640.05,633.22,618.36,-0.01,0.043,61.25,1,2,1,1
642.81,634.7,620.17,0,0.04,54.08,1,2,1,1
632.32,634.33,621.07,-0.02,0.038,35.86,1,0,1,1
630.12,633.68,621.74,-0.02,0.036,43.59,1,0,1,1
616.87,631.09,621.38,-0.04,0.034,34.21,1,1,1,1
618.53,629.16,621.17,-0.04,0.031,43.59,1,1,1,1
620.74,627.86,621.14,-0.04,0.03,15.45,1,1,1,1
618.53,626.42,620.95,-0.04,0.029,7.73,1,1,1,1
608.05,623.59,619.99,-0.06,0.026,-13.24,1,1,1,2
606.39,620.94,618.98,-0.06,0.023,-17.1,1,1,1,2
605.29,618.53,617.97,-0.06,0.019,-12.69,1,1,1,2
606.94,616.75,617.15,-0.06,0.019,-16,2,1,1,2
601.42,614.39,615.98,-0.07,0.019,-19.87,2,1,1,2
608.05,613.41,615.39,-0.06,0.02,-10.48,2,1,1,2
611.91,613.18,615.13,-0.05,0.021,-12.14,2,1,1,2
615.77,613.58,615.18,-0.05,0.021,-12.69,2,1,1,2
620.18,614.6,615.55,-0.04,0.021,-24.83,2,1,1,2
613.56,614.44,615.4,-0.05,0.021,-31.45,2,1,1,2
620.74,615.41,615.8,-0.03,0.022,-11.58,2,1,1,2
611.91,614.87,615.51,-0.05,0.022,-22.07,2,1,1,2
609.15,613.99,615.04,-0.05,0.022,-20.41,2,1,1,2
604.18,612.48,614.24,-0.06,0.021,-30.9,2,1,1,2
611.91,612.39,614.07,-0.05,0.021,-29.79,2,1,1,2
619.08,613.42,614.44,-0.04,0.021,-18.76,2,1,1,2
623.49,614.97,615.11,-0.03,0.02,-14.9,2,1,1,2
633.43,617.81,616.47,-0.01,0.02,-6.62,1,2,1,2
631.22,619.87,617.56,0,0.02,-11.59,1,2,1,2
638.39,622.72,619.1,0.01,0.019,6.07,1,2,1,1
636.74,624.88,620.41,0,0.019,6.62,1,2,1,1
627.36,625.26,620.92,-0.02,0.019,10.49,1,0,1,1
629.01,625.84,621.52,-0.01,0.018,10.48,1,2,1,1
624.6,625.65,621.75,-0.02,0.017,3.86,1,0,1,1
624.6,625.49,621.96,-0.02,0.017,6.07,1,0,1,1
615.77,623.99,621.5,-0.04,0.016,7.72,1,1,1,1
615.77,622.73,621.08,-0.04,0.016,9.38,1,1,1,1
617.43,621.91,620.81,-0.03,0.016,12.14,1,1,1,1
625.15,622.41,621.13,-0.02,0.016,18.21,1,0,1,1
627.91,623.26,621.63,-0.02,0.016,26.49,1,0,1,1
630.12,624.32,622.26,-0.01,0.016,22.07,1,2,1,1
622.39,624.02,622.27,-0.03,0.016,10.48,1,1,1,1
626.25,624.36,622.56,-0.02,0.016,10.48,1,0,1,1
624.05,624.31,622.67,-0.02,0.015,3.87,1,0,1,1
622.94,624.1,622.69,-0.02,0.014,9.38,1,0,1,1
620.74,623.58,622.55,-0.03,0.013,0,1,1,1,0
625.7,623.91,622.78,-0.02,0.013,13.79,1,0,1,1
